<<<<<<< HEAD

=======
/*M!999999\- enable the sandbox mode */ 
-- MariaDB dump 10.19  Distrib 10.11.10-MariaDB, for Linux (x86_64)
--
-- Host: localhost    Database: surveydb
-- ------------------------------------------------------
-- Server version	10.11.10-MariaDB
>>>>>>> d42ff8a0bda3096383ef27e2ddc72e40becffd7d

/*!40101 SET @OLD_CHARACTER_SET_CLIENT=@@CHARACTER_SET_CLIENT */;
/*!40101 SET @OLD_CHARACTER_SET_RESULTS=@@CHARACTER_SET_RESULTS */;
/*!40101 SET @OLD_COLLATION_CONNECTION=@@COLLATION_CONNECTION */;
/*!40101 SET NAMES utf8mb4 */;
/*!40103 SET @OLD_TIME_ZONE=@@TIME_ZONE */;
/*!40103 SET TIME_ZONE='+00:00' */;
/*!40014 SET @OLD_UNIQUE_CHECKS=@@UNIQUE_CHECKS, UNIQUE_CHECKS=0 */;
/*!40014 SET @OLD_FOREIGN_KEY_CHECKS=@@FOREIGN_KEY_CHECKS, FOREIGN_KEY_CHECKS=0 */;
/*!40101 SET @OLD_SQL_MODE=@@SQL_MODE, SQL_MODE='NO_AUTO_VALUE_ON_ZERO' */;
/*!40111 SET @OLD_SQL_NOTES=@@SQL_NOTES, SQL_NOTES=0 */;

--
-- Table structure for table `options`
--

DROP TABLE IF EXISTS `options`;
/*!40101 SET @saved_cs_client     = @@character_set_client */;
/*!40101 SET character_set_client = utf8 */;
CREATE TABLE `options` (
  `id` int(11) NOT NULL AUTO_INCREMENT,
  `question_id` int(11) NOT NULL,
  `option_text` text DEFAULT NULL,
  `level` int(11) DEFAULT 0,
  PRIMARY KEY (`id`),
  KEY `question_id` (`question_id`),
  CONSTRAINT `options_ibfk_1` FOREIGN KEY (`question_id`) REFERENCES `questions` (`id`) ON DELETE CASCADE
) ENGINE=InnoDB AUTO_INCREMENT=2282 DEFAULT CHARSET=utf8mb4 COLLATE=utf8mb4_general_ci;
/*!40101 SET character_set_client = @saved_cs_client */;

--
-- Dumping data for table `options`
--

LOCK TABLES `options` WRITE;
/*!40000 ALTER TABLE `options` DISABLE KEYS */;
INSERT INTO `options` VALUES
(48,47,'Yes – we have formal, management-approved policies and conduct regular risk assessments.',1),
(49,47,'Partially – we have some informal or ad-hoc risk assessment processes.',0),
(50,47,'No – we do not have any formal risk analysis or documented policies.',0),
(57,52,'Yes – we have a comprehensive, documented plan that is regularly communicated and updated.',1),
(58,52,'Partially – we have some guidelines in place, but they are not fully formalized or regularly reviewed.',0),
(59,52,'No – we do not have a formal incident response plan.',0),
(62,54,'Yes – we have a comprehensive, documented plan covering continuity, disaster recovery, and crisis management.',1),
(63,54,'Partially – we have some procedures, but they are not fully formalized or comprehensive.',0),
(64,54,'No – we do not have a formal business continuity or disaster recovery plan.',0),
(65,56,'Yes – we have a scheduled review process for our cybersecurity policies.',1),
(66,56,'Partially – reviews occur occasionally but not on a regular basis.',0),
(67,56,'No – once established, the policies are rarely updated.',0),
(68,57,'Use of intrusion detection/prevention systems (IDS/IPS) or network monitoring tools.',1),
(69,57,'Deployment of Security Information and Event Management (SIEM) systems for log correlation.',1),
(70,57,'Use of endpoint detection and response (EDR) solutions.',1),
(71,57,'None of the above.',0),
(72,58,'Yes – we conduct regular tests of our backup and recovery processes.',1),
(73,58,'Partially – tests are conducted sporadically or not on a fixed schedule.',0),
(74,58,'No – we do not perform regular testing of our backup and recovery procedures.',0),
(75,59,'Yes – we conduct regular security assessments or audits of our critical vendors.',1),
(76,59,'Partially – assessments are done occasionally or only for a few key suppliers.',0),
(77,59,'No – we do not have a formal process to evaluate supplier cybersecurity.',0),
(78,60,'Yes – all key supplier contracts include clear cybersecurity clauses and requirements.',1),
(79,60,'Partially – only some contracts include basic security requirements, but it is not consistent across all vendors.',0),
(80,60,'No – we do not typically include cybersecurity requirements in supplier contracts.',0),
(81,61,'Yes – we regularly update our risk assessments for the supply chain, incorporating new threats and vendor performance reviews.',1),
(82,61,'Partially – reviews occur, but not on a regular or systematic basis.',0),
(83,61,'No – once the initial assessment is done, we rarely review or update our supply chain risk evaluations.',0),
(84,62,'Following a Secure Development Life Cycle (SDLC) – incorporating security in system design from the start.',1),
(85,62,'Regularly applying software patches and updates to address vulnerabilities in a timely manner.',1),
(86,62,'Having a formal process for vulnerability management including identification, reporting, and remediation.',1),
(87,62,'None of the above.',0),
(88,63,'We conduct periodic reviews or audits of our security policies, procedures, and controls.',1),
(89,63,'We use defined metrics or Key Performance Indicators (KPIs) to measure our security performance.',1),
(90,63,'We conduct regular tests, such as security drills, penetration tests, or internal audits.',1),
(91,63,'None of the above.',0),
(92,64,'Yes – we regularly engage third-party audits or assessments.',1),
(93,64,'Partially – we occasionally use external assessments, but not consistently.',0),
(94,64,'No – we do not use external audits or assessments.',0),
(95,65,'Regular cybersecurity awareness training for all employees.',1),
(96,65,'Enforcing strong password policies with periodic changes.',1),
(97,65,'Deploying endpoint protection and monitoring solutions.',1),
(98,65,'None of the above.',0),
(99,66,'Yes – training is provided on a regular basis.',1),
(100,66,'Partially – training is provided, but not consistently across all employees.',0),
(101,66,'No – cybersecurity training is not regularly provided.',0),
(102,67,'Yes – we consistently encrypt sensitive data in transit (e.g., via VPNs, SSL/TLS) and at rest (e.g., disk or database encryption).',1),
(103,67,'Partially – we encrypt data in one context (either in transit or at rest) but not consistently in both.',0),
(104,67,'No – encryption is not consistently implemented for sensitive data.',0),
(105,68,'Yes – all critical internal communications and remote access channels are secured using encryption.',1),
(106,68,'Partially – some channels are encrypted, but not all critical communications are secured.',0),
(107,68,'No – encryption is not used to secure internal communications or remote access.',0),
(108,70,'Yes – we have a defined process that controls account creation, access adjustments, and timely revocation upon departure.',1),
(109,70,'Partially – some procedures exist, but they are informal or inconsistently applied.',0),
(110,70,'No – there is no standard process for managing user accounts during onboarding or offboarding.',0),
(111,71,'Yes – we enforce strict access control policies and maintain a regularly updated inventory.',1),
(112,71,'Partially – access controls or asset inventories exist but are not comprehensively enforced or maintained.',0),
(113,71,'No – we do not actively manage user access or maintain an updated asset inventory.',0),
(114,72,'Yes – MFA is enforced for all critical accounts and systems.',1),
(115,72,'Partially – MFA is used for some systems, but not universally applied to all critical accesses.',0),
(116,72,'No – users authenticate solely with a password (single factor).',0),
(117,73,'At least once a year or whenever significant changes occur.',1),
(118,73,'Only on an ad-hoc basis or after a security incident.',0),
(119,73,'Rarely or never.',0),
(120,74,'Yes – regular training sessions and updates are provided to all stakeholders.',1),
(121,74,'Partially – only some groups receive periodic training or updates.',0),
(122,74,'No – there is little to no formal communication or training on these policies.',0),
(123,75,'Regularly (e.g., quarterly or semi-annually).',1),
(124,75,'Only after a significant security incident.',0),
(125,75,'Rarely or never.',0),
(126,76,'Yes – we maintain detailed records that are regularly reviewed and updated.',1),
(127,76,'Partially – records exist but are not systematically maintained or reviewed.',0),
(128,76,'No – we do not maintain a comprehensive log.',0),
(129,77,'Annually or more frequently.',1),
(130,77,'Less than once a year.',0),
(131,77,'Only when a security incident occurs.',0),
(132,78,'Yes – we have formal assessments and feedback mechanisms in place.',0),
(133,78,'Partially – we collect some feedback, but lack a structured evaluation process.',0),
(134,78,'No – we do not evaluate the effectiveness of our training programs.',0),
(138,80,'At least quarterly or semi-annually.',1),
(139,80,'Annually only.',0),
(140,80,'Rarely or never.',0),
(141,81,'Yes – we conduct thorough background checks and specialized security training regularly.',0),
(142,81,'Partially – background checks or specialized training are conducted, but not both consistently.',0),
(143,81,'No – we do not have formal background checks or specialized training for sensitive roles.',0),
(144,82,'At least once a year or whenever significant changes occur.',1),
(145,82,'Only on an ad-hoc basis or after a security incident.',0),
(146,82,'Rarely or never.',0),
(147,83,'Yes – regular training sessions and updates are provided to all stakeholders.',0),
(148,83,'Partially – only some groups receive periodic training or updates.',0),
(149,83,'No – there is little to no formal communication or training on these policies.',0),
(150,84,'Regularly (e.g., annually or semi-annually).',1),
(151,84,'Occasionally or only after a major incident.',0),
(152,84,'Rarely or never.',0),
(153,85,'Yes – a dedicated team is in place with clearly defined roles and responsibilities.',1),
(154,85,'Partially – responsibilities are assigned on an ad hoc basis without a formal team structure.',0),
(155,85,'No – there is no dedicated crisis management team.',0),
(156,86,'Yes – regular, structured security testing is integrated into the development process.',1),
(157,86,'Partially – security testing is performed, but not consistently across all projects.',0),
(158,86,'No – security testing is rarely or never performed during development.',0),
(400,300,'Yes, we have a fully documented consent process.',1),
(401,300,'We have an informal process in place.',0),
(402,300,'No, we do not have a documented process.',0),
(403,301,'Yes, clear information is provided at the point of data collection.',1),
(404,301,'Information is provided inconsistently.',0),
(405,301,'No, data subjects are not provided with sufficient information.',0),
(406,302,'Yes, consent records are securely stored and maintained.',1),
(407,302,'Records are maintained but not securely.',0),
(408,302,'No, consent is not properly recorded.',0),
(409,303,'Yes, robust security measures including encryption are in place.',1),
(410,303,'Some measures are in place, but improvements are needed.',0),
(411,303,'No, adequate security measures are not implemented.',0),
(412,304,'Yes, access controls and authentication mechanisms are regularly reviewed.',1),
(413,304,'Reviews occur only occasionally.',0),
(414,304,'No, there is no regular review process.',0),
(415,305,'Yes, data processing strictly adheres to documented procedures.',1),
(416,305,'Processing is sometimes aligned with procedures, but inconsistently.',0),
(417,305,'No, there is no adherence to documented procedures.',0),
(418,306,'Yes, comprehensive procedures exist for data access, rectification, and erasure.',1),
(419,306,'Procedures exist but are not clearly communicated to data subjects.',0),
(420,306,'No, such procedures are not in place.',0),
(421,307,'Yes, mechanisms for data portability and objection are fully implemented.',1),
(422,307,'Mechanisms are in place but are limited in scope.',0),
(423,307,'No, there are no mechanisms for these rights.',0),
(424,308,'Yes, information about data processing is provided promptly upon request.',1),
(425,308,'Information is provided, but not in a timely manner.',0),
(426,308,'No, there is no defined process for providing such information.',0),
(427,309,'Yes, we have a comprehensive incident response and breach notification plan.',1),
(428,309,'A plan exists but does not meet the 72-hour notification requirement.',0),
(429,309,'No, we do not have a breach notification plan.',0),
(430,310,'Yes, breach notifications are clear and sent in a timely manner.',1),
(431,310,'Notifications are sent but lack clarity.',0),
(432,310,'No, breach notifications are inadequate.',0),
(433,311,'Yes, regular training and reviews are conducted.',1),
(434,311,'Training is provided, but not on a regular basis.',0),
(435,311,'No, there is no regular training on breach notification procedures.',0),
(500,310,'Yes, we use an automated system that sends immediate alerts.',1),
(501,310,'We have some automated processes, but they are not fully integrated.',0),
(502,310,'No, incident detection is entirely manual.',0),
(503,311,'Yes, a dedicated team verifies incidents within 15 minutes.',1),
(504,311,'Verification occurs, but not within the 15-minute window.',0),
(505,311,'No, incidents are not promptly verified by a dedicated team.',0),
(536,322,'Annually',1),
(537,322,'Bi-annually',0),
(538,322,'No fixed schedule',0),
(539,323,'Yes, on a regular basis',1),
(540,323,'Occasionally, but not systematically',0),
(541,323,'No, penetration testing is not conducted',0),
(542,324,'Yes, all requests are resolved within 30 days',1),
(543,324,'Most requests are resolved within the timeframe',0),
(544,324,'No, requests often exceed the mandated timeframe',0),
(545,325,'Yes, a dedicated team meets regularly',1),
(546,325,'There is a team, but meetings are infrequent',0),
(547,325,'No, there is no designated breach response team',0),
(548,327,'Yes, a comprehensive data retention policy exists.',1),
(549,327,'A policy exists but needs improvement.',0),
(550,327,'No, there is no formal data retention policy.',0),
(551,328,'Yes, regular reviews and deletions are performed.',1),
(552,328,'Review is performed inconsistently.',0),
(553,328,'No, personal data is retained indefinitely.',0),
(554,329,'Yes, all third-party contracts include clear data protection clauses.',1),
(555,329,'Contracts exist, but they are vague on data protection.',0),
(556,329,'No, there are no formal contracts regarding data protection.',0),
(557,330,'Yes, all international transfers comply with GDPR safeguards.',1),
(558,330,'Some transfers comply, but not consistently.',0),
(559,330,'No, transfers do not meet GDPR requirements.',0),
(597,345,'Yes, an automated system is in place',1),
(598,345,'Partially, but with delays',0),
(599,345,'No, detection is manual',0),
(600,346,'Yes, verified within 15 minutes',1),
(601,346,'Verification occurs but not within 15 minutes',0),
(602,346,'No, verification is delayed or absent',0),
(603,347,'Yes, a clear protocol exists',1),
(604,347,'There is an informal process',0),
(605,347,'No, there is no predefined protocol',0),
(606,348,'Yes, fully integrated',1),
(607,348,'Partially integrated',0),
(608,348,'No, not integrated',0),
(609,349,'Yes, notifications are immediate',1),
(610,349,'Notifications occur with some delay',0),
(611,349,'No, there is no established process',0),
(612,350,'Yes, a clear escalation path exists',1),
(613,350,'There is an escalation path, but it is not clearly defined',0),
(614,350,'No, there is no escalation process',0),
(615,351,'Yes, roles are clearly defined',1),
(616,351,'Roles exist but are not clearly communicated',0),
(617,351,'No, roles are unclear',0),
(618,352,'Yes, there is a dedicated portal',1),
(619,352,'A portal exists but with limited functionality',0),
(620,352,'No, there is no dedicated portal',0),
(621,353,'Yes, procedures are in place',1),
(622,353,'Procedures exist but sometimes exceed timelines',0),
(623,353,'No, external notifications are not reliably made',0),
(624,354,'Yes, all notifications are reviewed',1),
(625,354,'Review occurs, but inconsistently',0),
(626,354,'No, notifications are not reviewed',0),
(627,355,'Yes, a dedicated team is in place',1),
(628,355,'A team exists but shares responsibilities with others',0),
(629,355,'No, external notifications are handled ad hoc',0),
(630,356,'Yes, templates are in place',1),
(631,356,'Templates exist but are seldom used',0),
(632,356,'No, there are no pre-approved templates',0),
(633,357,'Yes, formal reviews are conducted',1),
(634,357,'Reviews are informal or inconsistent',0),
(635,357,'No, reviews are not conducted',0),
(636,358,'Yes, lessons learned are systematically applied',1),
(637,358,'Some lessons are applied',0),
(638,358,'No, lessons learned are not used',0),
(639,359,'Yes, feedback is actively collected and acted upon',1),
(640,359,'Feedback is collected but rarely acted upon',0),
(641,359,'No, stakeholder feedback is not collected',0),
(642,360,'Yes, meetings are scheduled promptly',1),
(643,360,'Meetings are scheduled but sometimes delayed',0),
(644,360,'No, meetings are not regularly scheduled',0),
(645,361,'Yes, a formal process exists',1),
(646,361,'A process exists but is inconsistently applied',0),
(647,361,'No, there is no formal process',0),
(648,362,'Yes, lessons are systematically documented and reviewed',1),
(649,362,'They are documented but not regularly reviewed',0),
(650,362,'No, documentation is ad hoc',0),
(651,363,'Yes, a formal follow-up mechanism is in place',1),
(652,363,'There is an informal process for follow-up',0),
(653,363,'No, there is no follow-up mechanism',0),
(654,364,'Yes, regular audits are conducted',1),
(655,364,'Audits are sporadic and informal',0),
(656,364,'No, audits are not conducted',0),
(657,365,'Advanced',3),
(658,366,'Advanced',3),
(659,366,'Inter',2),
(660,366,'Basic',1),
(661,367,'Advanced',3),
(662,367,'Inter',2),
(663,367,'Basic',1),
(1173,495,'Nível avançado 🥇',0),
(1174,495,'Nível intermediário 🥈',0),
(1175,495,'Nível básico 🥉',1),
(1176,365,'Intermediate',2),
(1177,365,'Basic',1),
(1178,366,'No',0),
(1179,367,'No',0),
(1180,496,'Advanced',3),
(1181,496,'Inter',2),
(1182,496,'Basic',1),
(1183,496,'No',0),
(1184,497,'Advanced',3),
(1185,497,'Inter',2),
(1186,497,'Basic',1),
(1187,497,'No',0),
(1192,499,'Correct',1),
(1193,499,'Incorrect',0),
(1194,500,'Advanced',3),
(1195,500,'Intermediate',2),
(1196,500,'Basic',1),
(1197,500,'No level',0),
(1198,501,'Add me correctly please',3),
(1199,501,'I did!',2),
(1200,501,'Did you?',1),
(1201,501,'Yeah',0),
(1730,634,'Sim, é inventariado sistematicamente, de forma completa e com monitorização recorrente.',3),
(1731,634,'Sim, é inventariado sistematicamente e com informação completa sobre os ativos, incluindo os responsáveis.',2),
(1732,634,'Sim, é inventariado manualmente e com alguma informação sobre os ativos (dispositivos físicos, redes, sistemas de informação), incluindo a identificação dos responsáveis.',1),
(1733,634,'Não.',0),
(1734,635,'Sim, são inventariados sistematicamente, de forma completa e com monitorização recorrente.',3),
(1735,635,'Sim, são inventariados sistematicamente e com informação completa sobre os ativos, incluindo os responsáveis.',2),
(1736,635,'Sim, são inventariados manualmente e com alguma informação sobre os ativos (software e aplicações/plataformas informáticas), incluindo a identificação dos responsáveis.',1),
(1737,635,'Não.',0),
(1738,636,'Sim, estão completamente identificados, inventariados e são mantidos com ferramentas automáticas, com revisão periódica.',3),
(1739,636,'Sim, estão identificados de forma completa e inventariados.',2),
(1740,636,'Sim, mas apenas existe uma identificação, que pode ser parcial.',1),
(1741,636,'Não.',0),
(1742,637,'Sim, estão identificados de forma completa, com registo georreferenciado, monitorizados, geridos remotamente e vistoriados periodicamente.',3),
(1743,637,'Sim, estão identificados de forma completa, com registo georreferenciado e monitorizado por equipas dedicadas.',2),
(1744,637,'Sim, mas são identificados manualmente e de forma possivelmente incompleta.',1),
(1745,637,'Não.',0),
(1746,638,'Sim, consoante a sua criticidade são aplicados diferentes controlos de segurança, com avaliações periódicas dos critérios e controlos de classificação.',3),
(1747,638,'Sim, existem métodos de classificação dos ativos de acordo com a sua criticidade e valor intrínseco, definidos pelos responsáveis.',2),
(1748,638,'Sim, mas de forma manual e possivelmente incompleta, com identificação parcial dos responsáveis.',1),
(1749,638,'Não.',0),
(1750,639,'Sim, os fornecedores estão identificados, com contratos revistos periodicamente e controlos de segurança validados, incluindo auditorias na cadeia crítica.',3),
(1751,639,'Sim, os fornecedores estão identificados e existem contratos e políticas para a relação com fornecedores.',2),
(1752,639,'Sim, os fornecedores estão identificados.',1),
(1753,639,'Não.',0),
(1754,640,'Sim, a missão, objetivos e partes interessadas estão identificadas numa política de segurança, com revisão regular e ações de sensibilização.',3),
(1755,640,'Sim, a missão, objetivos e partes interessadas estão definidas, com análise SWOT e conhecimento amplo das partes interessadas.',2),
(1756,640,'Sim, a missão e objetivos estão definidos, e as partes interessadas são identificadas, mas com menor detalhamento.',1),
(1757,640,'Não.',0),
(1758,641,'Sim, a política de segurança engloba estes fatores, é divulgada e revista periodicamente, com o plano de negócios atualizado e ações de sensibilização.',3),
(1759,641,'Sim, a política de segurança inclui estes fatores e é de conhecimento de todas as partes interessadas.',2),
(1760,641,'Sim, estes fatores estão definidos num plano de negócio ou equivalente, com identificação das partes interessadas.',1),
(1761,641,'Não.',0),
(1762,642,'Sim, os ativos críticos são identificados e geridos dinamicamente em ferramenta informática, com manutenções preventivas, redundância e estratégias de recuperação.',3),
(1763,642,'Sim, os ativos críticos são identificados em ferramenta informática, com monitorização das capacidades produtivas.',2),
(1764,642,'Sim, mas os ativos críticos são identificados de forma ad hoc.',1),
(1765,642,'Não.',0),
(1766,643,'Sim, existe um Plano de Continuidade do Negócio robusto, com contratos de manutenção, procedimentos de recuperação, auditorias regulares e um hot site de contingência.',3),
(1767,643,'Sim, existe um Plano de Continuidade testado com estratégias de recuperação e contratos de manutenção.',2),
(1768,643,'Sim, existe documentação atualizada manualmente com requisitos mínimos e identificação de fornecedores críticos.',1),
(1769,643,'Não.',0),
(1770,644,'Sim, existe uma política estabelecida, integrada com outras políticas de segurança, mantida num sistema de gestão eletrónica e revista anualmente.',3),
(1771,644,'Sim, existe uma política estabelecida e os colaboradores participam em ações de sensibilização.',2),
(1772,644,'Sim, existe uma política estabelecida e divulgada internamente.',1),
(1773,644,'Não.',0),
(1774,645,'Sim, as leis e regulamentações são implementadas com equipa dedicada, revisão regular e auditorias internas.',3),
(1775,645,'Sim, as leis são incorporadas nas políticas e a Política de Gestão da Privacidade dos Dados Pessoais está publicada.',2),
(1776,645,'Sim, mas o conhecimento das leis é informal entre os colaboradores.',1),
(1777,645,'Não.',0),
(1778,646,'Sim, existe um processo formal de revisão e análise das vulnerabilidades com identificação automática e correlação para reduzir riscos.',3),
(1779,646,'Sim, as vulnerabilidades são identificadas e tipificadas, com monitorização e equipa dedicada.',2),
(1780,646,'Sim, as vulnerabilidades são identificadas, mas sem um processo formal ou equipa dedicada.',1),
(1781,646,'Não.',0),
(1782,647,'Sim, através de canais sistematizados com controlos, métricas e revisões periódicas.',3),
(1783,647,'Sim, através de canais com responsáveis e procedimentos delineados.',2),
(1784,647,'Sim, mas de forma informal.',1),
(1785,647,'Não.',0),
(1786,648,'Sim, existe um processo de gestão de riscos com critérios definidos, com resultados e estratégias revistos regularmente.',3),
(1787,648,'Sim, existe um mapa de ameaças para cada tipo de ativo, com indicação de tratamento.',2),
(1788,648,'Sim, existe apenas uma lista genérica de ameaças, sem mapeamento formal.',1),
(1789,648,'Não.',0),
(1790,649,'Sim, existem procedimentos detalhados e sistemas específicos para análise de riscos.',3),
(1791,649,'Sim, as ameaças são categorizadas segundo a probabilidade e impacto, avaliando a relevância dos ativos.',2),
(1792,649,'Sim, existe uma metodologia de gestão do risco estabelecida.',1),
(1793,649,'Não.',0),
(1794,650,'Sim, a metodologia define estratégias de tratamento com riscos categorizados numa escala de importância e revisão periódica.',3),
(1795,650,'Sim, a metodologia estabelece estratégias de tratamento dos riscos identificados.',2),
(1796,650,'Sim, mas os riscos são tratados de forma manual.',1),
(1797,650,'Não.',0),
(1798,651,'Sim, existe um processo de gestão de risco com cultura de risco em vários níveis, suportado por sistema dedicado e registo histórico.',3),
(1799,651,'Sim, existem estratégias definidas e responsáveis pela gestão de riscos.',2),
(1800,651,'Sim, mas a gestão de risco não é consistente em toda a organização.',1),
(1801,651,'Não.',0),
(1802,652,'Sim, as estratégias de tolerância ao risco estão definidas com processos estruturados e revisados periodicamente.',3),
(1803,652,'Sim, as estratégias estão definidas com processos estruturados.',2),
(1804,652,'Sim, mas a tolerância ao risco é definida de forma arbitrária.',1),
(1805,652,'Não.',0),
(1806,653,'Sim, a estratégia de resposta aos riscos dos ativos críticos existe, está documentada e segue boas práticas setoriais.',3),
(1807,653,'Sim, a estratégia existe e está documentada.',2),
(1808,653,'Sim, mas de forma ad hoc e não sistematizada.',1),
(1809,653,'Não.',0),
(1810,654,'Sim, os fornecedores e parceiros são categorizados segundo o risco, e os controlos dos fornecedores críticos são avaliados regularmente.',3),
(1811,654,'Sim, a cadeia logística está identificada e a gestão de riscos é aplicada.',2),
(1812,654,'Sim, a cadeia logística está identificada.',1),
(1813,654,'Não.',0),
(1814,655,'Sim, os fornecedores são identificados, classificados e os controlos específicos estão evidenciados na Política de Gestão de Fornecedores.',3),
(1815,655,'Sim, os fornecedores são identificados e classificados quanto à criticidade, com controlos específicos.',2),
(1816,655,'Sim, os fornecedores são identificados.',1),
(1817,655,'Não.',0),
(1818,656,'Sim, o tema da segurança da informação é incluído nos contratos e a política define controlos avaliados regularmente.',3),
(1819,656,'Sim, os contratos incluem cláusulas de segurança e a política define controlos.',2),
(1820,656,'Sim, mas os contratos apenas mencionam a necessidade de identificar riscos.',1),
(1821,656,'Não.',0),
(1822,657,'Sim, as políticas preveem avaliação periódica com planos de auditoria e ações de melhoria.',3),
(1823,657,'Sim, as políticas preveem avaliação periódica com métricas para auxiliar a avaliação.',2),
(1824,657,'Sim, mas a avaliação é feita de forma não sistematizada.',1),
(1825,657,'Não.',0),
(1826,658,'Sim, os planos de resposta e recuperação de desastres contemplam a cadeia de fornecedores, e estes têm participação ativa no âmbito da validação destes planos.',3),
(1827,658,'Sim, os planos de resposta e recuperação de desastres contemplam a cadeia de fornecedores.',2),
(1828,658,'Sim, mas só são identificados os fornecedores que suportam os processos críticos da organização.',1),
(1829,658,'Não.',0),
(1978,696,'Sim, existem políticas de gestão de identidades e acessos, onde os acessos são limitados conforme os perfis funcionais e revistos em intervalos regulares. Existe uma base única de identidades e regras de acessos.',3),
(1979,696,'Sim, existem políticas de gestão de identidades e acessos, as etapas dos ciclos de acessos são bem definidas e existe uma base única de identidades e regras de acessos.',2),
(1980,696,'Sim, mas a associação de acessos é feita baseada nos acessos atribuídos no passado.',1),
(1981,696,'Não.',0),
(1982,697,'Sim, existem controlos de acesso físico integrados num sistema transversal de gestão de identidades e acessos, avaliados regularmente, com monitorização de acessos externos.',3),
(1983,697,'Sim, existem controlos de acesso físico, e os acessos são integrados com um sistema transversal de gestão de identidades e acessos.',2),
(1984,697,'Sim, existem controlos que restringem os acessos físicos às zonas a proteger, com registos para identificação individual.',1),
(1985,697,'Não.',0),
(1986,698,'Sim, existem políticas internas com bloqueios contra acessos não autorizados, autenticação federada e multi-fator, controlados de forma centralizada com revisão regular.',3),
(1987,698,'Sim, existem políticas internas que tratam da gestão de acessos remotos de forma centralizada com soluções como VPN e criptografia adequada.',2),
(1988,698,'Sim, mas não são controlados nem monitorizados.',1),
(1989,698,'Não.',0),
(1990,699,'Sim, os acessos são concedidos conforme o princípio do menor privilégio, com monitorização pormenorizada e revisão regular de acessos privilegiados.',3),
(1991,699,'Sim, os acessos são concedidos conforme o perfil funcional, com critérios de restrição para acessos elevados.',2),
(1992,699,'Sim, os acessos são individuais, embora concedidos copiando os acessos anteriores de colaboradores com perfis similares.',1),
(1993,699,'Não.',0),
(1994,700,'Sim, as redes internas têm topologia definida, regras de acesso documentadas e são submetidas a testes e revisões constantes, com monitorização contínua.',3),
(1995,700,'Sim, as redes têm topologia definida e regras documentadas, com alterações devidamente registadas.',2),
(1996,700,'Sim, as redes são segregadas conforme a finalidade, usando routers, firewalls e outras tecnologias.',1),
(1997,700,'Não.',0),
(1998,701,'Sim, os colaboradores têm as suas credenciais e identidades registadas e vinculadas a políticas, com processos de validação e revisão periódica, incluindo verificação de antecedentes.',3),
(1999,701,'Sim, os colaboradores têm as credenciais e identidades registadas e vinculadas, com procedimentos documentados.',2),
(2000,701,'Sim, os colaboradores têm as credenciais e identidades registadas e vinculadas.',1),
(2001,701,'Não.',0),
(2002,702,'Sim, existe um sistema de gestão de identidades abrangente com autenticação integrada e reforçada por pontos de validação únicos.',3),
(2003,702,'Sim, existe um sistema de gestão de identidades que utiliza grupos funcionais e uma política de acessos definida.',2),
(2004,702,'Sim, os mecanismos de autenticação foram definidos de acordo com os sistemas.',1),
(2005,702,'Não.',0),
(2006,703,'Sim, existem ações periódicas de formação e consciencialização com resultados medidos para otimização contínua.',3),
(2007,703,'Sim, existem ações de formação e consciencialização registadas em planos e procedimentos específicos.',2),
(2008,703,'Sim, os colaboradores têm alguma consciência sobre segurança da informação.',1),
(2009,703,'Não.',0),
(2010,704,'Sim, existem procedimentos formais para aceitação de condições especiais, com formação periódica e atualização de responsabilidades.',3),
(2011,704,'Sim, os utilizadores têm formação específica e procedimentos para aceitação de condições especiais.',2),
(2012,704,'Sim, estes utilizadores são notificados das suas responsabilidades, mesmo que de forma informal.',1),
(2013,704,'Não.',0),
(2014,705,'Sim, clientes, parceiros e fornecedores têm o dever de cumprir os requisitos de segurança e são integrados num processo de melhoria contínua.',3),
(2015,705,'Sim, existem requisitos de segurança com formação e sensibilização para as partes interessadas.',2),
(2016,705,'Sim, existem requisitos mínimos de segurança na cadeia de clientes e fornecedores.',1),
(2017,705,'Não.',0),
(2018,706,'Sim, a gestão de topo está envolvida e consciente dos temas de segurança da informação.',3),
(2019,706,'Sim, os papéis e responsabilidades da gestão de topo estão formalmente estabelecidos.',2),
(2020,706,'Sim, mas de forma informal.',1),
(2021,706,'Não.',0),
(2022,707,'Sim, existem regras de proteção de ficheiros, documentos e dados com classificação adequada, gerindo dados offline conforme a sensibilidade.',3),
(2023,707,'Sim, existem regras de proteção e a classificação da informação é definida conforme sua sensibilidade.',2),
(2024,707,'Sim, existem regras para proteger a confidencialidade, integridade e disponibilidade dos dados.',1),
(2025,707,'Não.',0),
(2026,708,'Sim, são adotadas medidas de cifra dedicadas conforme a classificação da informação, com controlos compensatórios para situações adversas.',3),
(2027,708,'Sim, as políticas de proteção de dados em circulação são formalmente registadas com soluções criptográficas específicas.',2),
(2028,708,'Sim, existe uma perceção de riscos e são adotados controlos genéricos para dados em circulação.',1),
(2029,708,'Não.',0),
(2030,709,'Sim, existe registo formal dos movimentos dos dados em armazenamento físico, com políticas e procedimentos abrangendo o ciclo de vida da informação e destruição de dispositivos.',3),
(2031,709,'Sim, existe registo formal com políticas e procedimentos para o ciclo de vida da informação.',2),
(2032,709,'Sim, mas o registo é apenas informal e a proteção dos dispositivos não é sistematizada.',1),
(2033,709,'Não.',0),
(2034,710,'Sim, a disponibilidade é garantida com indicadores pré-estabelecidos que permitem ações previsíveis.',3),
(2035,710,'Sim, as capacidades dos sistemas são monitorizadas continuamente.',2),
(2036,710,'Sim, mas não existem métricas ou processos formais para garantir a disponibilidade.',1),
(2037,710,'Não.',0),
(2038,711,'Sim, existem controlos de proteção que mitiguem o risco de exfiltração, com processos preventivos e revisões regulares.',3),
(2039,711,'Sim, existem controlos de proteção baseados na avaliação de risco.',2),
(2040,711,'Sim, existem procedimentos formalizados de salvaguarda contra exfiltração.',1),
(2041,711,'Não.',0),
(2042,712,'Sim, existe uma avaliação transversal e regular da integridade dos sistemas, firmware, dados e bibliotecas de terceiros.',3),
(2043,712,'Sim, existem ações que avaliam a integridade dos sistemas e bibliotecas de terceiros.',2),
(2044,712,'Sim, existe uma verificação manual ou não sistematizada da integridade.',1),
(2045,712,'Não.',0),
(2046,713,'Sim, estão implementadas zonas distintas para desenvolvimento com proteção dos dados de teste assegurada e produção acompanhada.',3),
(2047,713,'Sim, estão estabelecidas zonas distintas para desenvolvimento e produção, com normativos internos para desenvolvimento seguro.',2),
(2048,713,'Sim, mas são segregadas manualmente ou de forma não sistematizada.',1),
(2049,713,'Não.',0),
(2050,714,'Sim, a integridade do hardware é gerida com manutenção preventiva e preditiva.',3),
(2051,714,'Sim, a integridade do hardware é gerida.',2),
(2052,714,'Sim, mas apenas manualmente e de forma não sistematizada.',1),
(2053,714,'Não.',0),
(2054,715,'Sim, existem regras de configuração base definidas para cada tipo ou finalidade, monitorizadas e atualizadas continuamente.',3),
(2055,715,'Sim, existem regras de configuração base definidas para cada tipo ou finalidade.',2),
(2056,715,'Sim, mas a configuração é feita de forma informal e não sistematizada.',1),
(2057,715,'Não.',0),
(2058,716,'Sim, existem controlos dinâmicos de segurança no ciclo de desenvolvimento com testes, validação e gestão do código via CI/CD.',3),
(2059,716,'Sim, existe uma definição exaustiva dos requisitos de segurança para desenvolvimento e regras internas para desenvolvimento seguro.',2),
(2060,716,'Sim, está definido um conjunto rudimentar de requisitos mínimos para os projetos.',1),
(2061,716,'Não.',0),
(2062,717,'Sim, existem regras internas para gestão de alterações com mecanismos para acompanhar e aprovar mudanças, revistos periodicamente.',3),
(2063,717,'Sim, existem regras internas para gestão de alterações e processos de avaliação e aprovação definidos.',2),
(2064,717,'Sim, existe um processo informal para gestão de alterações.',1),
(2065,717,'Não.',0),
(2066,718,'Sim, existem regras e procedimentos internos que garantem a confidencialidade, integridade e disponibilidade das cópias, com verificações regulares.',3),
(2067,718,'Sim, existem regras específicas para a realização de cópias e a integridade é verificada de forma independente.',2),
(2068,718,'Sim, são realizadas cópias de segurança de sistemas e ficheiros.',1),
(2069,718,'Não.',0),
(2070,719,'Sim, as infraestruturas estão protegidas, monitorizadas e contam com fonte alternativa de eletricidade testada regularmente.',3),
(2071,719,'Sim, as infraestruturas estão protegidas e monitorizadas contra alterações elétricas e ambientais.',2),
(2072,719,'Sim, mas a proteção é feita de forma não sistematizada.',1),
(2073,719,'Não.',0),
(2074,720,'Sim, a informação sensível é destruída de forma apropriada, com procedimentos documentados e avaliados periodicamente.',3),
(2075,720,'Sim, a informação sensível é destruída apropriadamente e os procedimentos estão documentados.',2),
(2076,720,'Sim, mas os dados são destruídos de forma ad hoc.',1),
(2077,720,'Não.',0),
(2078,721,'Sim, existem procedimentos e controlos de monitorização e melhoria contínua, com auditorias internas recorrentes.',3),
(2079,721,'Sim, existem procedimentos e controlos avaliados periodicamente.',2),
(2080,721,'Sim, mas de forma não sistematizada.',1),
(2081,721,'Não.',0),
(2082,722,'Sim, existem processos formalmente definidos para resposta a incidentes e continuidade de negócio, avaliados regularmente.',3),
(2083,722,'Sim, existem processos formalmente definidos para resposta a incidentes e continuidade de negócio.',2),
(2084,722,'Sim, mas os planos são atualizados de forma ad hoc.',1),
(2085,722,'Não.',0),
(2086,723,'Sim, os planos de continuidade são testados pela sua eficácia num ambiente realista.',3),
(2087,723,'Sim, os planos são registados e testados através de exercícios sistematizados.',2),
(2088,723,'Sim, mas de forma não sistematizada.',1),
(2089,723,'Não.',0),
(2090,724,'Sim, existem perfis técnicos e competências definidas para contratações, com ações disciplinares estabelecidas em normas internas.',3),
(2091,724,'Sim, existem regras para seleção, recrutamento e contratação, assim como para a cessação de colaboradores.',2),
(2092,724,'Sim, o registo dos colaboradores é realizado.',1),
(2093,724,'Não.',0),
(2094,725,'Sim, as vulnerabilidades são identificadas de forma regular e sistemática, com processos formais de tratamento e planos de ação.',3),
(2095,725,'Sim, as vulnerabilidades são identificadas com equipas de tratamento adequadas, de forma regular e sistemática.',2),
(2096,725,'Sim, a pesquisa de vulnerabilidades é executada em intervalos regulares.',1),
(2097,725,'Não.',0),
(2098,726,'Sim, os processos de manutenção são realizados por pessoas externas com fluxo de trabalho automatizado e manutenção preventiva definida.',3),
(2099,726,'Sim, os processos são realizados formalmente por colaboradores qualificados.',2),
(2100,726,'Sim, mas as atividades são realizadas de forma informal e o registo não é controlado.',1),
(2101,726,'Não.',0),
(2102,727,'Sim, os controlos de manutenção remota estão automatizados com métricas e o acesso é desativado após intervenção.',3),
(2103,727,'Sim, as manutenções remotas são realizadas conforme aprovação e com meios seguros.',2),
(2104,727,'Sim, mas sem um processo formal de aprovação.',1),
(2105,727,'Não.',0),
(2106,728,'Sim, existem critérios formais para auditoria de sistemas, geridos centralmente, garantindo a integridade dos registos.',3),
(2107,728,'Sim, existem critérios formais geridos de forma sistémica com formatos definidos.',2),
(2108,728,'Sim, mas os registos são ocasionais e sem gestão formal.',1),
(2109,728,'Não.',0),
(2110,729,'Sim, a utilização de dispositivos amovíveis é bloqueada, com higienização garantida no momento da destruição.',3),
(2111,729,'Sim, existem regras de uso e boas práticas, com ações de sensibilização e mecanismos técnicos implementados.',2),
(2112,729,'Sim, mas a proteção é implementada de forma básica e ad hoc.',1),
(2113,729,'Não.',0),
(2114,730,'Sim, os requisitos mínimos são revistos periodicamente e os acessos são ajustados às necessidades mínimas.',3),
(2115,730,'Sim, os acessos concedidos são os mínimos necessários e funcionalidades mínimas estão definidas.',2),
(2116,730,'Sim, os sistemas são configurados manualmente com os recursos necessários.',1),
(2117,730,'Não.',0),
(2118,731,'Sim, as zonas de redes são segmentadas conforme a finalidade e utilizam soluções de filtro de fluxo com revisões periódicas.',3),
(2119,731,'Sim, as zonas são segmentadas conforme a finalidade e utilizam soluções de filtro de fluxo.',2),
(2120,731,'Sim, mas são segregadas de forma não sistematizada e a encriptação é aplicada de forma ad hoc.',1),
(2121,731,'Não.',0),
(2122,732,'Sim, a resiliência das infraestruturas é gerida para garantir que eventos inesperados não causam disrupções.',3),
(2123,732,'Sim, os sistemas críticos são resilientes e protegidos contra sobrecargas.',2),
(2124,732,'Sim, em sistemas e redes de comunicações, mas de forma não sistematizada.',1),
(2125,732,'Não.',0),
(2126,733,'Sim, existem modelos de referência para equipamentos e fluxos de dados que são revistos frequentemente, com alterações detectadas e tratadas sistematicamente.',3),
(2127,733,'Sim, existem modelos de referência para equipamentos e fluxos de dados e as alterações são identificadas e tratadas.',2),
(2128,733,'Sim, mas apenas existe uma lista dos equipamentos utilizados para os controlos de segurança.',1),
(2129,733,'Não.',0),
(2130,734,'Sim, os eventos são analisados por sistemas centralizados para identificar alvos e métodos de ataque de forma sistemática.',3),
(2131,734,'Sim, os eventos são analisados e os métodos de ataque são identificados com auxílio de ferramentas especializadas.',2),
(2132,734,'Sim, mas a análise é realizada de forma manual, sem processo formal.',1),
(2133,734,'Não.',0),
(2134,735,'Sim, os eventos são coletados de múltiplas fontes e correlacionados por um sistema central que integra dados internos e externos.',3),
(2135,735,'Sim, os eventos são coletados de várias fontes e correlacionados por ferramentas especializadas.',2),
(2136,735,'Sim, mas a correlação é realizada de forma ad hoc.',1),
(2137,735,'Não.',0),
(2138,736,'Sim, existe um processo formal que classifica o impacto dos eventos com base em critérios definidos e métricas de risco.',3),
(2139,736,'Sim, o impacto é classificado de acordo com critérios estabelecidos, permitindo priorização das respostas.',2),
(2140,736,'Sim, mas a classificação é feita de forma informal.',1),
(2141,736,'Não.',0),
(2142,737,'Sim, os limites de alerta são definidos formalmente e monitorizados para acionar a resposta a incidentes conforme o risco.',3),
(2143,737,'Sim, os limites de alerta são estabelecidos e utilizados para a avaliação dos incidentes.',2),
(2144,737,'Sim, mas os alertas são definidos de forma genérica, sem limites formais.',1),
(2145,737,'Não.',0),
(2146,738,'Sim, as redes e sistemas são monitorizados continuamente por sistemas automáticos com análise de anomalias.',3),
(2147,738,'Sim, as redes e sistemas são monitorizados com ferramentas especializadas.',2),
(2148,738,'Sim, mas a monitorização é feita de forma manual ou esporádica.',1),
(2149,738,'Não.',0),
(2150,739,'Sim, o ambiente físico é monitorizado com registos de auditoria e alarmes para acessos não autorizados.',3),
(2151,739,'Sim, o ambiente físico é monitorizado e os registos são analisados periodicamente.',2),
(2152,739,'Sim, mas a monitorização é realizada de forma informal.',1),
(2153,739,'Não.',0),
(2154,740,'Sim, a atividade dos colaboradores é monitorizada com base em padrões e métricas, permitindo antecipar incidentes.',3),
(2155,740,'Sim, a atividade é monitorizada e os dados são analisados para detectar anomalias.',2),
(2156,740,'Sim, mas a monitorização é realizada de forma manual.',1),
(2157,740,'Não.',0),
(2158,741,'Sim, existem sistemas antivírus configurados com verificações periódicas e procedimentos para resposta a ameaças.',3),
(2159,741,'Sim, existem ferramentas antivírus instaladas e verificações regulares são realizadas.',2),
(2160,741,'Sim, mas a detecção é limitada a alguns dispositivos.',1),
(2161,741,'Não.',0),
(2162,742,'Sim, a gestão dos dispositivos móveis é centralizada e o uso de aplicações não autorizadas é monitorizado automaticamente.',3),
(2163,742,'Sim, existem regras que definem aplicações permitidas e a conformidade é verificada periodicamente.',2),
(2164,742,'Sim, mas a deteção é realizada de forma manual.',1),
(2165,742,'Não.',0),
(2166,743,'Sim, os pedidos de acesso remoto de prestadores são identificados e avaliados com regras formais.',3),
(2167,743,'Sim, os pedidos de acesso são monitorizados e avaliados conforme critérios estabelecidos.',2),
(2168,743,'Sim, mas a avaliação é realizada manualmente.',1),
(2169,743,'Não.',0),
(2170,744,'Sim, os acessos são monitorizados e os dados são centralizados para análise de anomalias, acionando respostas formais.',3),
(2171,744,'Sim, os acessos são monitorizados e analisados com ferramentas especializadas.',2),
(2172,744,'Sim, mas a monitorização é realizada de forma manual.',1),
(2173,744,'Não.',0),
(2174,745,'Sim, as vulnerabilidades são rastreadas de forma integrada e analisadas sistematicamente.',3),
(2175,745,'Sim, os rastreamentos são realizados regularmente com ferramentas especializadas.',2),
(2176,745,'Sim, mas de forma pontual.',1),
(2177,745,'Não.',0),
(2178,746,'Sim, os papéis e responsabilidades são formalmente definidos e comunicados aos envolvidos.',3),
(2179,746,'Sim, os responsáveis são identificados e há diretrizes claras para a deteção de eventos.',2),
(2180,746,'Sim, mas a definição é feita de forma informal.',1),
(2181,746,'Não.',0),
(2182,747,'Sim, os incidentes são detetados a partir dos eventos registados, com responsáveis definidos e integridade dos dados garantida.',3),
(2183,747,'Sim, os incidentes são detetados e os responsáveis são identificados.',2),
(2184,747,'Sim, mas não seguem um processo definido.',1),
(2185,747,'Não existem atividades de deteção.',0),
(2186,748,'Sim, os processos são testados de forma sistemática e os resultados são medidos regularmente.',3),
(2187,748,'Sim, os processos são testados e medidos regularmente.',2),
(2188,748,'Sim, mas a testagem é feita de forma ad hoc.',1),
(2189,748,'Não.',0),
(2190,749,'Sim, existe um canal de comunicação formal para reportar e partilhar informações sobre eventos detetados.',3),
(2191,749,'Sim, as informações são comunicadas de forma estruturada.',2),
(2192,749,'Sim, mas a comunicação é realizada informalmente.',1),
(2193,749,'Não.',0),
(2194,750,'Sim, os processos são revisados e melhorados continuamente com base em análises de desempenho e feedback.',3),
(2195,750,'Sim, existem mecanismos de avaliação e melhoria dos processos de deteção.',2),
(2196,750,'Sim, mas a melhoria é feita de forma não sistematizada.',1),
(2197,750,'Não.',0),
(2198,751,'Sim, os processos de resposta a incidentes são sistematizados, com integridade das evidências garantida e resposta conforme escalonamento.',3),
(2199,751,'Sim, os processos são sistematizados e incluem contenção, erradicação, identificação e escalonamento.',2),
(2200,751,'Sim, mas de forma ad hoc e reativa.',1),
(2201,751,'Não.',0),
(2202,752,'Sim, os colaboradores têm conhecimento formal dos procedimentos, com guiões e envolvimento de partes externas relevantes.',3),
(2203,752,'Sim, os colaboradores conhecem os procedimentos e guiões de resposta a incidentes.',2),
(2204,752,'Sim, mas esse conhecimento é apenas informal.',1),
(2205,752,'Não.',0),
(2206,753,'Sim, a capacidade de reporte é garantida de forma integrada, com critérios formais e envolvimento das partes interessadas externas.',3),
(2207,753,'Sim, a capacidade de reporte é garantida e os critérios estão definidos.',2),
(2208,753,'Sim, mas o reporte é realizado de forma informal.',1),
(2209,753,'Não.',0),
(2210,754,'Sim, a comunicação é feita através de canais seguros, e todos os envolvidos, inclusive externos, são informados.',3),
(2211,754,'Sim, a comunicação é feita e conhecida por todos os envolvidos.',2),
(2212,754,'Sim, mas a identificação das partes para a comunicação é informal.',1),
(2213,754,'Não.',0),
(2214,755,'Sim, existe coordenação formal com partes externas, com níveis de responsabilidade definidos.',3),
(2215,755,'Sim, a coordenação com partes externas ocorre de forma regular.',2),
(2216,755,'Sim, mas ocorre apenas ocasionalmente.',1),
(2217,755,'Não.',0),
(2218,756,'Sim, as partes externas são identificadas e a partilha ocorre de forma estruturada através de um plano de comunicação.',3),
(2219,756,'Sim, as partes externas são identificadas e a partilha ocorre.',2),
(2220,756,'Sim, mas de forma informal.',1),
(2221,756,'Não.',0),
(2222,757,'Sim, existe um registo formal de notificações e um plano de resposta com práticas de acompanhamento estabelecidas.',3),
(2223,757,'Sim, o registo e o plano de resposta estão definidos formalmente.',2),
(2224,757,'Sim, mas a ativação da gestão de incidentes é apenas orientada informalmente.',1),
(2225,757,'Não.',0),
(2226,758,'Sim, o risco dos incidentes é formalmente avaliado com métricas relativas à resposta e tratamento.',3),
(2227,758,'Sim, os incidentes são categorizados conforme o impacto percebido.',2),
(2228,758,'Sim, mas a avaliação é realizada de forma informal.',1),
(2229,758,'Não.',0),
(2230,759,'Sim, existem procedimentos formais de identificação, coleta e aquisição de registos, garantindo a integridade das evidências.',3),
(2231,759,'Sim, existem procedimentos para coletar os dados no seu formato original.',2),
(2232,759,'Sim, mas as análises forenses são realizadas raramente e de forma irregular.',1),
(2233,759,'Não.',0),
(2234,760,'Sim, há uma taxonomia estabelecida com metodologias de tratamento para cada tipo de incidente.',3),
(2235,760,'Sim, há uma taxonomia para categorizar os incidentes.',2),
(2236,760,'Sim, mas a categorização é informal e pouco estruturada.',1),
(2237,760,'Não.',0),
(2238,761,'Sim, as vulnerabilidades são analisadas de forma sistemática com registos de controlo e acompanhamento formal.',3),
(2239,761,'Sim, existem múltiplos mecanismos para receber e tratar vulnerabilidades.',2),
(2240,761,'Sim, mas a submissão é realizada de forma ad hoc.',1),
(2241,761,'Não.',0),
(2242,762,'Sim, existem processos formais que contêm os incidentes e as suas causas são analisadas e avaliadas.',3),
(2243,762,'Sim, existem processos formais de resposta a incidentes.',2),
(2244,762,'Sim, mas a contenção é realizada de forma não sistematizada.',1),
(2245,762,'Não.',0),
(2246,763,'Sim, os incidentes são erradicados e uma análise de melhoria contínua é realizada.',3),
(2247,763,'Sim, existem práticas definidas para reduzir o impacto dos incidentes, documentadas formalmente.',2),
(2248,763,'Sim, mas a mitigação é realizada de forma reativa e não estruturada.',1),
(2249,763,'Não.',0),
(2250,764,'Sim, existe um processo formal de análise de risco e gestão de vulnerabilidades com aceitação formal de riscos quando aplicável.',3),
(2251,764,'Sim, as vulnerabilidades são mitigadas conforme critérios definidos.',2),
(2252,764,'Sim, mas o tratamento é realizado de forma não estruturada.',1),
(2253,764,'Não.',0),
(2254,765,'Sim, o processo de gestão de incidentes inclui identificação e análise formal das lições aprendidas para melhoria contínua.',3),
(2255,765,'Sim, existe um procedimento específico para identificar e analisar as lições aprendidas.',2),
(2256,765,'Sim, mas a análise das lições é realizada de forma caso a caso.',1),
(2257,765,'Não.',0),
(2258,766,'Sim, existem processos de melhoria contínua dos planos de resposta avaliados periodicamente.',3),
(2259,766,'Sim, os procedimentos são atualizados periodicamente, sem limitação tecnológica.',2),
(2260,766,'Sim, mas a atualização ocorre de forma ad hoc, apenas anualmente.',1),
(2261,766,'Não.',0),
(2262,767,'Sim, são implementadas ações preditivas com regras e procedimentos para recuperação e equipas dedicadas (e.g., CSIRT).',3),
(2263,767,'Sim, estão estabelecidos regras e procedimentos para recuperação juntamente com um processo de gestão de cópias de segurança.',2),
(2264,767,'Sim, mas apenas são realizadas cópias de segurança e restauro de forma ad hoc e não sistemática.',1),
(2265,767,'Não.',0),
(2266,768,'Sim, oportunidades de melhoria são identificadas e os planos são atualizados com essas melhorias.',3),
(2267,768,'Sim, as métricas dos planos de recuperação são avaliadas e as fragilidades dos planos anteriores são identificadas.',2),
(2268,768,'Sim, mas a decisão de analisar as lições aprendidas é feita caso a caso pela gestão.',1),
(2269,768,'Não.',0),
(2270,769,'Sim, existem procedimentos formais de revisão periódica das estratégias, documentação e processos de recuperação, por parte da gestão de topo.',3),
(2271,769,'Sim, existem procedimentos de revisão e atualização da documentação e dos processos de recuperação, com formação para as equipas internas e externas.',2),
(2272,769,'Sim, mas os procedimentos são realizados de forma ad hoc e com discussões esporádicas.',1),
(2273,769,'Não.',0),
(2274,770,'Sim, existe um plano de comunicação sobre eventos de segurança com partes interessadas identificadas e ações de consciencialização proativas.',3),
(2275,770,'Sim, existe um plano de comunicação sobre eventos de segurança e as partes interessadas relevantes estão identificadas.',2),
(2276,770,'Sim, mas a comunicação é realizada de forma reativa, pouco estruturada e dispersa.',1),
(2277,770,'Não.',0),
(2278,771,'Sim, existe uma estratégia de comunicação especialmente para as equipas executivas e de gestão, com processos de aprovação formalmente definidos.',3),
(2279,771,'Sim, existe um plano de comunicação com identificação das partes interessadas e um plano para cada objetivo.',2),
(2280,771,'Sim, mas a comunicação é reativa e não estruturada.',1),
(2281,771,'Não.',0);
/*!40000 ALTER TABLE `options` ENABLE KEYS */;
UNLOCK TABLES;

--
-- Table structure for table `question_groups`
--

DROP TABLE IF EXISTS `question_groups`;
/*!40101 SET @saved_cs_client     = @@character_set_client */;
/*!40101 SET character_set_client = utf8 */;
CREATE TABLE `question_groups` (
  `id` int(11) NOT NULL AUTO_INCREMENT,
  `survey_id` int(11) NOT NULL,
  `title` varchar(255) NOT NULL,
  `recommendation` text DEFAULT NULL,
  `page` int(11) NOT NULL DEFAULT 0,
  PRIMARY KEY (`id`),
  KEY `survey_id` (`survey_id`),
  CONSTRAINT `question_groups_ibfk_1` FOREIGN KEY (`survey_id`) REFERENCES `surveys` (`id`) ON DELETE CASCADE
) ENGINE=InnoDB AUTO_INCREMENT=1016 DEFAULT CHARSET=utf8mb4 COLLATE=utf8mb4_general_ci;
/*!40101 SET character_set_client = @saved_cs_client */;

--
-- Dumping data for table `question_groups`
--

LOCK TABLES `question_groups` WRITE;
/*!40000 ALTER TABLE `question_groups` DISABLE KEYS */;
INSERT INTO `question_groups` VALUES
(9,14,'Understanding NIS2','',0),
(91,14,'Risk Analysis & Policy Framework','A robust framework for risk analysis and policy formulation is vital. It should be established through formal documentation, regular reviews, and effective communication to ensure that cybersecurity risks are systematically identified and addressed.',5),
(96,14,'Incident Handling & Response','Establish a comprehensive cybersecurity policy framework that includes formalized risk analysis procedures, scheduled reviews, and structured communication with all relevant stakeholders. This approach is fundamental for effective risk management and for ensuring alignment with NIS2 regulatory requirements.\r\n',1),
(97,14,'Business Continuity & Crisis Management','It is recommended to establish a robust business continuity and disaster recovery plan that specifically addresses cyber incidents. Regular testing of backup and restoration procedures is essential to ensure swift recovery and maintain operational resilience.\r\n',2),
(98,14,'Supply Chain Security','A robust process for supply chain security should be established, incorporating systematic assessments of key suppliers, clear cybersecurity requirements in all contracts, and periodic reviews of risk evaluations to address emerging threats.\r\n',3),
(100,14,'Secure System Acquisition, Development & Maintenance','A robust approach to secure system acquisition, development, and maintenance should be established. Security must be integrated throughout the system lifecycle, including secure development practices, prompt patch management, and a formal vulnerability management process to mitigate risks and satisfy NIS2 requirements.\r\n',4),
(101,14,'Assessing Effectiveness of Security Measures','A structured approach to evaluating the effectiveness of cybersecurity measures is essential. This should include periodic reviews, the use of defined metrics, and engagement with external audits or assessments. Continuous improvement through documented testing and follow-up actions ensures that security controls remain effective against evolving threats.\r\n',6),
(102,14,'Basic Cyber Hygiene & Training','Establish a comprehensive basic cyber hygiene and training program that incorporates regular cybersecurity awareness sessions, the enforcement of strong password policies, and robust endpoint protection. This approach is essential for mitigating common cyber threats and maintaining a secure operational environment.\r\n',7),
(103,14,'Use of Cryptography & Encryption','Ensure that sensitive data is protected through encryption both in transit and at rest. Implementing strong cryptographic measures for communications and data storage is essential to safeguard against unauthorized access and comply with NIS2 requirements.',9),
(104,14,'Human Resources Security & Access Control ','A formal framework for managing user access and identities should be established. This includes implementing structured onboarding and offboarding procedures, enforcing least-privilege access policies, maintaining an updated asset and account inventory, and requiring multi-factor authentication for critical systems. Such measures are essential to enhance security and mitigate unauthorized access.',8),
(200,100,'Data Collection and Consent','It is imperative that your organization implements a thoroughly documented and transparent data collection process. This should include robust mechanisms for obtaining explicit, informed consent from data subjects, ensuring they fully understand the purposes and scope of data collection. Such an approach not only reinforces legal compliance with GDPR but also builds trust with stakeholders.',1),
(201,100,'Data Security and Processing','Implement comprehensive and robust technical and organizational security measures. All data processing activities should be carried out with the utmost attention to data integrity and confidentiality. Regular reviews of access controls and authentication protocols must be performed to prevent unauthorized access and mitigate risks, ensuring alignment with GDPR standards.',2),
(202,100,'Data Subject Rights','Establish clear, accessible, and efficient procedures that enable data subjects to exercise their rights. Your organization must ensure that mechanisms for accessing, rectifying, and erasing personal data are not only fully compliant with GDPR but are also user-friendly and timely, thereby enhancing transparency and maintaining trust.',3),
(203,100,'Breach Notification and Accountability','Develop and maintain a detailed incident response plan that encompasses prompt breach notifications, comprehensive training, and regular reviews. This plan should ensure accountability and continuous improvement in your data protection practices, thereby fully satisfying GDPR breach notification requirements.',4),
(214,100,'Data Retention and Minimization','Ensure that data is retained only for as long as necessary and minimized to what is required.',5),
(215,100,'Third-Party Processing and International Transfers','Review your data sharing practices with third parties and ensure international transfers comply with GDPR.',6),
(217,100,'Understanding GDPR','',0),
(221,111,'Understanding the survey','',0),
(222,111,'Initial Incident Detection and Notification','Implement automated detection and predefined protocols to ensure rapid incident identification and immediate alerting of relevant teams.',1),
(223,111,'Internal Communication and Escalation','Establish clear internal communication channels and escalation paths to mobilize response teams without delay.',2),
(224,111,'External Communication and Stakeholder Notification','Ensure that external notifications (to regulators, clients, and partners) are clear, timely, and legally compliant.',3),
(225,111,'Post Incident Review and Improvement','Conduct formal reviews and gather stakeholder feedback to continuously improve incident communication protocols.',4),
(226,111,'Post Incident Analysis and Recovery','A structured process for post-incident analysis is crucial to identify root causes and implement corrective actions, leading to continuous improvement in incident response and recovery procedures.',5),
(227,112,'Chosing Level','',1),
(228,112,'Leveled Group','This page demonstrates the type of questions you will encounter in our surveys. Please answer these sample questions to get a feel for our approach.',2),
(229,113,'Introdução','',1),
(1007,115,'Question group','',1),
(1008,116,'Choose the level','',1),
(1009,116,'Im a sample question group','',2),
(1010,113,'Identificar','',2),
(1011,113,'Proteger','',3),
(1012,113,'Detetar','',4),
(1013,113,'Responder','',5),
(1014,113,'Recuperar','',6);
/*!40000 ALTER TABLE `question_groups` ENABLE KEYS */;
UNLOCK TABLES;

--
-- Table structure for table `questions`
--

DROP TABLE IF EXISTS `questions`;
/*!40101 SET @saved_cs_client     = @@character_set_client */;
/*!40101 SET character_set_client = utf8 */;
CREATE TABLE `questions` (
  `id` int(11) NOT NULL AUTO_INCREMENT,
  `group_id` int(11) NOT NULL,
  `text` text NOT NULL,
  PRIMARY KEY (`id`),
  KEY `group_id` (`group_id`),
  CONSTRAINT `questions_ibfk_1` FOREIGN KEY (`group_id`) REFERENCES `question_groups` (`id`) ON DELETE CASCADE
) ENGINE=InnoDB AUTO_INCREMENT=772 DEFAULT CHARSET=utf8mb4 COLLATE=utf8mb4_general_ci;
/*!40101 SET character_set_client = @saved_cs_client */;

--
-- Dumping data for table `questions`
--

LOCK TABLES `questions` WRITE;
/*!40000 ALTER TABLE `questions` DISABLE KEYS */;
INSERT INTO `questions` VALUES
(10,9,'<p>This survey assesses your organization&rsquo;s compliance with the <strong>NIS2</strong> Directive&rsquo;s risk management requirements.</p>\r\n<p>This survey is organized into <strong>nine sections</strong> (pages) covering key risk management areas under the NIS2 Directive. Each page presents multiple-choice question(s) related to that topic. If any answer is incorrect (indicating non-compliance), a Recommendation is provided to guide you on improving compliance. This recommendation will be available in the dashboard section.&nbsp;</p>\r\n<p>&nbsp;</p>\r\n<p>The survey is designed for large organizations but is also applicable to SMEs and public sector entities.</p>\r\n<p>&nbsp;</p>\r\n<p><strong><em data-end=\"844\" data-start=\"676\">(NIS2 requires measures appropriate to the entity&rsquo;s size, risk exposure, and impact, so answer according to your context.)</em></strong></p>'),
(47,91,'<p>Do you have <strong>formal</strong>, <strong>documented</strong> policies for cybersecurity risk analysis?</p>'),
(52,96,'<p>Do you have a documented incident response plan that defines roles, responsibilities, and procedures for handling cybersecurity incidents?</p>'),
(54,97,'<p>Does your organization have a formal business continuity and disaster recovery plan that includes strategies for cyber incidents?</p>'),
(56,91,'<p>Are these policies <strong>regularly</strong> reviewed and updated to address evolving threats?</p>'),
(57,96,'<p>Which of the following measures has your organization implemented to detect and respond to security incidents? (Select one that applies)</p>'),
(58,97,'<p>Are your backup and recovery procedures regularly tested to ensure data and system restoration in case of an incident?</p>'),
(59,98,'<p>Do you evaluate the cybersecurity posture of your key suppliers and service providers?</p>'),
(60,98,'<p>Are cybersecurity requirements (e.g., compliance with specific security standards, incident reporting obligations) included in contracts with your suppliers?</p>'),
(61,98,'<p>Do you periodically review and update your supply chain risk assessments to address emerging threats?&nbsp;</p>'),
(62,100,'<p>Which secure development and maintenance practices has your organization adopted for its networks and information systems? (Select one that applies)</p>'),
(63,101,'<p>How do you evaluate the effectiveness of your cybersecurity risk management measures? (Select all that apply)</p>'),
(64,101,'<p>Do you engage external audits or third-party assessments to validate the effectiveness of your cybersecurity measures?</p>'),
(65,102,'<p>Which of the following basic cyber hygiene practices are implemented in your organization? (Select all that apply)</p>'),
(66,102,'<p>Do you provide regular cybersecurity training to all employees?</p>'),
(67,103,'<p>Do you implement encryption to protect sensitive data both in transit and at rest?</p>'),
(68,103,'<p>Are internal communications and remote access channels secured using encryption (e.g., secure email, VPNs, encrypted messaging)?</p>'),
(70,104,'<p>Do you have formal onboarding and offboarding procedures to manage user accounts, ensuring that access rights are granted and revoked appropriately?</p>'),
(71,104,'<p>Does your organization enforce access control policies (such as least-privilege access) and maintain an updated inventory of assets and user accounts?</p>'),
(72,104,'<p>Is Multi-Factor Authentication (MFA) required for access to critical systems and sensitive data?</p>'),
(73,91,'<p>How frequently does your organization conduct formal cybersecurity risk assessments?</p>'),
(74,91,'<p>Are all relevant stakeholders (e.g., IT, management, and end-users) adequately <strong>informed</strong> and <strong>trained</strong> on the cybersecurity risk policies?</p>'),
(75,101,'<p>How frequently are your security metrics and controls reviewed and updated?</p>'),
(76,101,'<p>Do you maintain a comprehensive, documented log of all security assessments, test results, and follow-up actions?</p>'),
(77,102,'<p>How often is cybersecurity awareness training provided to employees?</p>'),
(78,102,'<p>Do you have a formal evaluation process to measure the effectiveness of your cybersecurity training programs?</p>'),
(80,103,'<p>How frequently are user access rights and privileges reviewed to ensure they adhere to the principle of least privilege?</p>'),
(81,103,'<p>Do you conduct periodic background checks and provide specialized security training for employees in sensitive or privileged roles?</p>'),
(82,96,'<p>How frequently does your organization conduct formal cybersecurity risk assessments?</p>'),
(83,96,'<p>Are all relevant stakeholders (e.g., IT, management, and end-users) adequately informed and trained on the cybersecurity risk policies?</p>'),
(84,97,'<p>How frequently are your business continuity and disaster recovery plans tested?</p>'),
(85,97,'<p>Is there a dedicated crisis management team with clearly defined roles and responsibilities to handle cybersecurity incidents that affect business continuity?</p>'),
(86,100,'<p>Do you conduct regular security testing&mdash;such as code reviews, penetration tests, or static code analysis&mdash;during the system development process?</p>'),
(300,200,'<p>Does your organization have a documented process for obtaining explicit consent for data collection?</p>'),
(301,200,'<p>Are data subjects provided with clear and comprehensive information about the purpose and scope of data collection at the time of consent?</p>'),
(302,200,'<p>Is consent recorded and stored securely for future reference and audit purposes?</p>'),
(303,201,'Do you have technical and organizational measures in place to ensure the integrity and confidentiality of personal data during processing?'),
(304,201,'Are access controls and authentication mechanisms regularly reviewed and updated to prevent unauthorized access?'),
(305,201,'Is personal data processed only for legitimate purposes in accordance with documented procedures?'),
(306,202,'Does your organization have procedures that allow data subjects to access, rectify, or erase their personal data upon request?'),
(307,202,'Are there mechanisms in place to facilitate data portability and allow data subjects to object to certain processing activities?'),
(308,202,'Is there a process to provide data subjects with information about data processing activities in a timely manner?'),
(309,203,'Does your organization have an incident response plan that includes procedures for notifying supervisory authorities within 72 hours of a data breach?'),
(310,203,'Are breach notifications communicated to affected data subjects in a clear and timely manner?'),
(311,203,'Is there regular training and review of breach notification procedures for relevant staff?'),
(322,200,'How often is the consent mechanism reviewed to incorporate changes in legal requirements?'),
(323,201,'Do you conduct regular penetration testing to evaluate the effectiveness of your security measures?'),
(324,202,'Are data subject requests resolved within the legally mandated timeframe?'),
(325,203,'Is there a designated breach response team that meets periodically to review and update incident response protocols?'),
(327,214,'Do you have a documented data retention policy that defines the retention period for different categories of personal data?'),
(328,214,'Is personal data regularly reviewed and deleted when no longer necessary for the purpose it was collected?'),
(329,215,'Do you have contracts in place with third parties that clearly define data protection obligations?'),
(330,215,'Are international transfers of personal data conducted in compliance with GDPR requirements, such as using standard contractual clauses or approved mechanisms?'),
(331,217,'<p data-start=\"0\" data-end=\"116\">This survey assesses your organization&rsquo;s compliance with the <strong>General Data Protection Regulation (GDPR)</strong> requirements.</p>\r\n<p data-start=\"0\" data-end=\"116\">&nbsp;</p>\r\n<p data-start=\"118\" data-end=\"477\">This survey is organized into multiple sections (pages) covering key data protection areas under GDPR. Each page presents multiple-choice question(s) related to that topic. If any answer is incorrect (indicating non-compliance), a Recommendation is provided to guide you on improving compliance. This recommendation will be available in the <strong>dashboard section</strong>.</p>\r\n<p data-start=\"118\" data-end=\"477\">&nbsp;</p>\r\n<p data-start=\"479\" data-end=\"584\">The survey is designed for large organizations but is also applicable to SMEs and public sector entities.</p>\r\n<p data-start=\"479\" data-end=\"584\">&nbsp;</p>\r\n<p data-start=\"586\" data-end=\"730\" data-is-last-node=\"\" data-is-only-node=\"\">(GDPR requires measures appropriate to the entity&rsquo;s data processing operations, risk exposure, and impact, so answer according to your context.)</p>'),
(344,221,'<p>This survey assesses your organization&rsquo;s compliance with the <strong>NIS2</strong> Incident Notification requirements.</p>\r\n<p>This survey is organized into <strong>five sections</strong> (pages) covering key risk management areas under the NIS2 Directive. Each page presents multiple-choice question(s) related to that topic. If any answer is incorrect (indicating non-compliance), a Recommendation is provided to guide you on improving compliance. This recommendation will be available in the dashboard section.&nbsp;</p>\r\n<p>&nbsp;</p>\r\n<p>The survey is designed for large organizations but is also applicable to SMEs and public sector entities.</p>\r\n<p>&nbsp;</p>\r\n<p><strong><em data-end=\"844\" data-start=\"676\">(NIS2 requires measures appropriate to the entity&rsquo;s size, risk exposure, and impact, so answer according to your context.)</em></strong></p>'),
(345,222,'Do you have an automated incident detection system that triggers immediate alerts when unusual activity is detected?'),
(346,222,'Are incidents verified by a dedicated incident response team within the first 15 minutes of detection?'),
(347,222,'Is there a predefined protocol for initiating incident notifications to the relevant teams once an incident is detected?'),
(348,222,'Are automated alert systems integrated with your incident management platform to facilitate immediate action?'),
(349,223,'Are internal stakeholders immediately notified through an established communication channel when an incident is detected?'),
(350,223,'Is there a clear escalation path for incidents that require senior management involvement?'),
(351,223,'Are roles and responsibilities clearly defined for each team member involved in incident response?'),
(352,223,'Is there a dedicated internal incident management portal to centralize communication among stakeholders?'),
(353,224,'Do you have procedures to notify external stakeholders (e.g., regulators, clients, partners) within the required regulatory timelines?'),
(354,224,'Are external notifications reviewed for clarity, consistency, and legal compliance before they are sent?'),
(355,224,'Is there a dedicated communication team responsible for handling external incident notifications?'),
(356,224,'Do you have pre-approved templates for external communication to ensure consistency during incident notifications?'),
(357,225,'Do you conduct a formal post-incident review to assess the effectiveness of your notification and communication processes?'),
(358,225,'Are lessons learned from past incidents used to update and improve your incident notification protocols?'),
(359,225,'Is feedback from both internal and external stakeholders on the incident communication process systematically collected and acted upon?'),
(360,225,'Are incident review meetings scheduled immediately after major incidents to capture lessons learned?'),
(361,226,'Does your organization have a formal process for post-incident analysis to identify root causes and implement corrective actions?'),
(362,226,'Are lessons learned from each incident formally documented and reviewed to update incident response and recovery plans?'),
(363,226,'Is there a follow-up mechanism to ensure that corrective actions identified during post-incident reviews are implemented effectively?'),
(364,226,'Does your organization conduct periodic audits of post-incident recovery processes to assess their effectiveness and compliance with internal standards?'),
(365,227,'<p>Choose your level</p>'),
(366,228,'<p>Level Advanced</p>'),
(367,228,'<p>Level Inter</p>'),
(495,229,'<div class=\"mb-6\">\r\n<div class=\"mb-4 bg-white shadow rounded-lg p-4\">\r\n<p class=\"\" data-start=\"0\" data-end=\"148\">Este inqu&eacute;rito avalia o n&iacute;vel de conformidade da sua organiza&ccedil;&atilde;o de acordo com o <strong>Quadro Nacional de Refer&ecirc;ncia para a Ciberseguran&ccedil;a (QNRCS).</strong></p>\r\n<p class=\"\" data-start=\"150\" data-end=\"587\">Este inqu&eacute;rito est&aacute; organizado em <strong>5 sec&ccedil;&otilde;es</strong> (p&aacute;ginas) que abrangem os 5 dom&iacute;nios chave, conforme o QNRCS. Cada p&aacute;gina apresenta perguntas de escolha m&uacute;ltipla. Dado que este inqu&eacute;rito &eacute; <strong>nivelado</strong>, poder&aacute; de seguida escolher o n&iacute;vel de conformidade pretendido.</p>\r\n<p class=\"\" data-start=\"150\" data-end=\"587\">&nbsp;</p>\r\n<p class=\"\" data-start=\"150\" data-end=\"587\">Caso a resposta n&atilde;o esteja em comformidade com o n&iacute;vel escolhido, ser&aacute; fornecida uma recomenda&ccedil;&atilde;o para o orientar na melhoria da conformidade, a qual estar&aacute; dispon&iacute;vel na sec&ccedil;&atilde;o do <strong><em>Dashboard</em></strong>.</p>\r\n<p class=\"\" data-start=\"150\" data-end=\"587\">&nbsp;</p>\r\n<p class=\"\" data-start=\"589\" data-end=\"704\">O inqu&eacute;rito foi concebido para pequenas e m&eacute;dias empresas (PMEs), mas &eacute; igualmente aplic&aacute;vel a grandes entidades e entidades do setor p&uacute;blico.</p>\r\n<p class=\"\" data-start=\"589\" data-end=\"704\">&nbsp;</p>\r\n<p class=\"\" data-start=\"706\" data-end=\"894\">(O Quadro Nacional de Refer&ecirc;ncia para a Ciberseguran&ccedil;a exige medidas apropriadas ao tamanho da entidade, &agrave; exposi&ccedil;&atilde;o ao risco e ao seu impacto, pelo que deve responder de acordo com o seu contexto.)</p>\r\n</div>\r\n</div>'),
(496,228,'<p>Level Basic</p>'),
(497,228,'<p>Level No</p>'),
(499,1007,'First question'),
(500,1008,'Level'),
(501,1009,'I even have a question'),
(634,1010,'<p>O hardware da organiza&ccedil;&atilde;o (computadores, servidores, impressoras, ar condicionados e outros) est&aacute; inventariado?</p>'),
(635,1010,'<p>As aplica&ccedil;&otilde;es e servi&ccedil;os de software est&atilde;o inventariados?</p>'),
(636,1010,'As redes e fluxos de dados estão mapeados?'),
(637,1010,'Os sistemas de informação e redes externas estão identificados?'),
(638,1010,'Os ativos necessários para prestar bens e serviços estão classificados?'),
(639,1010,'O papel da organização, na cadeia logística, é identificado e comunicado?'),
(640,1010,'O posicionamento da organização no seu setor de atividade está identificado e comunicado?'),
(641,1010,'A missão, visão, valores, estratégias e objetivos da organização estão definidas e comunicadas?'),
(642,1010,'Os ativos críticos são identificados e registados?'),
(643,1010,'Existem requisitos de resiliência para suportar a prestação de serviços críticos?'),
(644,1010,'A Política de Segurança da Informação está definida e comunicada?'),
(645,1010,'São cumpridos os requisitos legais e regulamentares para a Cibersegurança?'),
(646,1010,'As vulnerabilidades dos ativos são identificadas e documentadas?'),
(647,1010,'A organização partilha informações sobre ameaças de cibersegurança com grupos de interesse da especialidade?'),
(648,1010,'As ameaças internas e externas são identificadas na metodologia de gestão do risco?'),
(649,1010,'A gestão do risco é efetuada com base na análise de ameaças, vulnerabilidades, probabilidades e impactos?'),
(650,1010,'As respostas aos riscos são identificadas e priorizadas pela organização?'),
(651,1010,'Está definido um processo de gestão do risco na organização?'),
(652,1010,'A tolerância ao risco da organização está determinada e identificada?'),
(653,1010,'A organização tem definida a sua estratégia de tratamento do risco?'),
(654,1010,'Os processos de gestão do risco da cadeia logística estão definidos e são avaliados e geridos pela organização?'),
(655,1010,'O risco da cadeia logística de cibersegurança é avaliado pela organização?'),
(656,1010,'Os contratos com fornecedores respeitam o plano de gestão de risco para a cadeia logística?'),
(657,1010,'Os fornecedores são avaliados periodicamente?'),
(658,1010,'O plano de resposta e recuperação de desastre é exercitado e acompanhado pelos fornecedores?'),
(696,1011,'O ciclo de vida de gestão de identidades está definido?'),
(697,1011,'Existem controlos de acesso físico às redes e sistemas de informação?'),
(698,1011,'Os acessos remotos são geridos pela organização?'),
(699,1011,'A organização aplica os princípios de menor privilégio e segregação de funções na gestão de acessos?'),
(700,1011,'A organização protege a integridade das redes de comunicações?'),
(701,1011,'A organização verifica a identidade dos colaboradores e vincula-as às respetivas credenciais?'),
(702,1011,'São definidos mecanismos de autenticação para utilizadores, dispositivos e outros ativos de sistemas de informação?'),
(703,1011,'Os colaboradores têm formação em segurança da informação?'),
(704,1011,'Os utilizadores com acesso privilegiado compreendem os seus papéis e responsabilidades?'),
(705,1011,'As partes interessadas externas compreendem os seus papéis e responsabilidades?'),
(706,1011,'A gestão de topo compreende as suas funções e responsabilidades?'),
(707,1011,'A organização protege os dados armazenados?'),
(708,1011,'A organização protege os dados em circulação?'),
(709,1011,'A organização gere formalmente os ativos durante remoção, transferência e aprovisionamento?'),
(710,1011,'A organização tem a capacidade adequada para garantir a disponibilidade das redes e dos sistemas de informação?'),
(711,1011,'A organização implementa proteções para evitar a exfiltração de informação?'),
(712,1011,'A organização utiliza mecanismos de verificação para confirmar a integridade de software, firmware e dados?'),
(713,1011,'Os ambientes de desenvolvimento e de teste são separados dos ambientes de produção?'),
(714,1011,'A organização implementa mecanismos de validação e verificação de integridade do hardware?'),
(715,1011,'Existe uma configuração base de redes e sistemas que incorpora os princípios de segurança?'),
(716,1011,'A organização implementa um ciclo de vida de desenvolvimento seguro de software?'),
(717,1011,'A organização implementa um processo de gestão de alterações?'),
(718,1011,'A organização realiza, mantém e testa cópias de segurança dos dados?'),
(719,1011,'A organização segue as políticas e regulamentações de ambientes físicos?'),
(720,1011,'Existe uma política que contempla a destruição de dados?'),
(721,1011,'Os processos de proteção são efetuados e melhorados?'),
(722,1011,'Os planos de resposta a incidentes, continuidade de negócio, recuperação de incidentes e de desastres são atualizados?'),
(723,1011,'Os planos de resposta e recuperação são testados e exercitados?'),
(724,1011,'A Cibersegurança é contemplada nos processos de gestão de recursos humanos?'),
(725,1011,'Está definido e implementado um processo de gestão de vulnerabilidades?'),
(726,1011,'As atividades de manutenção e reparação dos ativos são realizadas e registradas em programas ou planos aprovados?'),
(727,1011,'As operações de manutenção remota das redes são revistas, aprovadas, executadas e registradas?'),
(728,1011,'Os registos de auditoria e histórico são documentados e revistos conforme as políticas da organização?'),
(729,1011,'Os suportes de dados amovíveis são protegidos e de utilização restrita, conforme a política definida?'),
(730,1011,'O princípio da minimização de funcionalidades é incorporado na configuração de sistemas?'),
(731,1011,'As redes de comunicações e de controlo são protegidas? (NOTA – a questão 5 engloba esta questão)'),
(732,1011,'São implementados mecanismos para cumprir os requisitos de resiliência em situações adversas?'),
(733,1012,'A organização gere um modelo de referência de operações de rede e fluxos de dados esperados para utilizadores e sistemas?'),
(734,1012,'Os eventos detetados são analisados de forma a identificar os alvos e métodos de ataque?'),
(735,1012,'Os eventos são coletados e correlacionados a partir de várias fontes e sensores?'),
(736,1012,'O impacto dos eventos é classificado?'),
(737,1012,'Estão definidos os limites de alerta para incidentes?'),
(738,1012,'As redes e sistemas de informação são monitorizados?'),
(739,1012,'O ambiente físico é monitorizado?'),
(740,1012,'A atividade dos colaboradores é monitorizada?'),
(741,1012,'A organização tem mecanismos de deteção de código malicioso?'),
(742,1012,'É detetado o uso de aplicações não autorizadas em dispositivos móveis?'),
(743,1012,'As atividades dos prestadores de serviços externos são monitorizadas?'),
(744,1012,'É efetuada a monitorização de acessos não autorizados de colaboradores, conexões, dispositivos e software?'),
(745,1012,'São efetuados rastreamentos de vulnerabilidades?'),
(746,1012,'São definidos os papéis e responsabilidades na deteção de eventos anómalos?'),
(747,1012,'As atividades de deteção cumprem quais destes requisitos?'),
(748,1012,'Os processos de deteção são testados?'),
(749,1012,'As informações sobre deteções de eventos são comunicadas?'),
(750,1012,'Os processos de deteção são objeto de melhoria contínua?'),
(751,1013,'O plano de resposta é executado em função da análise realizada no momento de ocorrência de um incidente?'),
(752,1013,'Na resposta a um incidente, os colaboradores conhecem os seus papéis e a ordem de execução de atividades?'),
(753,1013,'Os incidentes são reportados de acordo com os critérios estabelecidos?'),
(754,1013,'As informações são partilhadas de acordo com o plano de resposta?'),
(755,1013,'A coordenação com as partes interessadas ocorre conforme os planos de resposta?'),
(756,1013,'Ocorre partilha voluntária de informação com partes interessadas externas?'),
(757,1013,'As notificações dos sistemas de deteção são investigadas?'),
(758,1013,'O impacto dos incidentes é avaliado?'),
(759,1013,'São realizadas análises forenses?'),
(760,1013,'Os incidentes são categorizados de acordo com o plano de resposta?'),
(761,1013,'A organização tem processos definidos para receber, analisar e responder a vulnerabilidades provenientes de fontes internas e externas?'),
(762,1013,'Os incidentes são contidos?'),
(763,1013,'Os incidentes são mitigados?'),
(764,1013,'As novas vulnerabilidades identificadas são mitigadas ou documentadas como riscos aceites?'),
(765,1013,'O plano de resposta a incidentes incorpora as lições aprendidas?'),
(766,1013,'As estratégias de resposta a incidentes são atualizadas?'),
(767,1014,'A organização segue um plano de recuperação durante ou após um incidente?'),
(768,1014,'Os planos de recuperação incorporam as lições aprendidas?'),
(769,1014,'As estratégias de recuperação são continuamente revistas e atualizadas?'),
(770,1014,'A organização implementa um plano de comunicação?'),
(771,1014,'As atividades de recuperação são comunicadas às partes interessadas, incluindo as equipas executivas e de gestão?');
/*!40000 ALTER TABLE `questions` ENABLE KEYS */;
UNLOCK TABLES;

--
-- Table structure for table `recommendations`
--

DROP TABLE IF EXISTS `recommendations`;
/*!40101 SET @saved_cs_client     = @@character_set_client */;
/*!40101 SET character_set_client = utf8 */;
CREATE TABLE `recommendations` (
  `id` int(11) NOT NULL AUTO_INCREMENT,
  `question_id` int(11) NOT NULL,
  `basic` text DEFAULT NULL,
  `intermediate` text DEFAULT NULL,
  `advanced` text DEFAULT NULL,
  PRIMARY KEY (`id`),
  KEY `question_id` (`question_id`),
  CONSTRAINT `recommendations_ibfk_1` FOREIGN KEY (`question_id`) REFERENCES `questions` (`id`) ON DELETE CASCADE
) ENGINE=InnoDB AUTO_INCREMENT=269 DEFAULT CHARSET=utf8mb4 COLLATE=utf8mb4_general_ci;
/*!40101 SET character_set_client = @saved_cs_client */;

--
-- Dumping data for table `recommendations`
--

LOCK TABLES `recommendations` WRITE;
/*!40000 ALTER TABLE `recommendations` DISABLE KEYS */;
INSERT INTO `recommendations` VALUES
(26,366,'Basic Reco','Inter Reco','Advanced Reco'),
(27,367,'Basic Reco','Inter Reco','Advanced Reco'),
(28,496,'Basic Reco','Inter Reco','Advanced Reco'),
(29,497,'Basic Reco','Inter Reco','Advanced Reco'),
(31,10,'','',''),
(32,47,'Establish and document formal risk analysis policies to provide a clear foundation for systematically identifying and managing cybersecurity risks.',NULL,NULL),
(33,52,'Develop and formalize documented policies for cybersecurity risk analysis. Clear, management-approved documentation provides a solid foundation for systematic risk identification and measurement.',NULL,NULL),
(34,54,'It is recommended to establish a comprehensive business continuity and disaster recovery plan that addresses cyber incidents. Regular testing of backup and restoration procedures is critical to ensure that systems and data can be quickly restored following an incident.',NULL,NULL),
(35,56,'Implement a structured review process to ensure that cybersecurity policies remain current and effectively address new threats as they emerge.',NULL,NULL),
(36,57,'Implement a regular review and update process for cybersecurity policies to ensure they remain current and are promptly adjusted in response to emerging threats.',NULL,NULL),
(37,58,'A consistent testing schedule for backup and recovery procedures should be implemented. Regular tests are essential to verify that systems and data can be promptly restored after an incident, ensuring minimal disruption and rapid recovery.',NULL,NULL),
(38,59,'Establish a formal procedure for routinely assessing the cybersecurity posture of key suppliers and service providers to proactively identify and mitigate vulnerabilities.','',''),
(39,60,'Ensure that comprehensive cybersecurity requirements are integrated into all supplier contracts to guarantee that third parties adhere to necessary security standards.','',''),
(40,61,'Implement a consistent review process for supply chain risk assessments to promptly address changes in the threat landscape and vendor performance.','',''),
(41,62,'Comprehensive secure development and maintenance practices should be integrated into the system lifecycle. This includes implementing an SDLC, ensuring timely patch updates, and establishing a formal vulnerability management process to promptly address potential security issues.','',''),
(42,63,'Establish a systematic process for evaluating security measures that includes audits, defined metrics, and regular tests. This approach helps ensure that cybersecurity controls remain robust and responsive to emerging threats.',NULL,NULL),
(43,64,'Incorporate external audits or third-party assessments into the evaluation process to gain objective insights into security effectiveness and identify areas for improvement.',NULL,NULL),
(44,65,'Ensure the implementation of structured cyber hygiene practices by consistently providing regular training, enforcing strict password policies, and deploying effective endpoint protection measures to safeguard against common cyber risks.',NULL,NULL),
(45,66,'Maintain a consistent schedule for cybersecurity training for all employees to continuously enhance awareness, update knowledge on emerging threats, and ensure that security best practices are effectively communicated throughout the organization.',NULL,NULL),
(46,67,'Encryption should be applied uniformly to all sensitive data, both during transmission and while stored, to ensure robust protection against unauthorized access and data breaches.',NULL,NULL),
(47,68,'Secure all internal communications and remote access channels with robust encryption methods to protect sensitive information from interception and unauthorized access.',NULL,NULL),
(48,70,'Establish a clear and consistent process for onboarding and offboarding that ensures access rights are properly granted and revoked. This is crucial for maintaining secure user account management.',NULL,NULL),
(49,71,'Ensure that robust access control policies are in place and that an up-to-date inventory of all assets and user accounts is maintained. This helps limit access to only those who need it and reduces potential vulnerabilities.',NULL,NULL),
(50,72,'Implement MFA across all critical systems and sensitive data access points. This additional layer of security significantly reduces the risk of unauthorized access and enhances overall system security.',NULL,NULL),
(51,73,'Conduct formal risk assessments on a regular basis, ideally annually or following significant operational changes, to proactively identify and mitigate cybersecurity risks.',NULL,NULL),
(52,74,'Ensure that structured and comprehensive training programs are in place for all relevant stakeholders to enhance understanding and effective implementation of cybersecurity policies.',NULL,NULL),
(53,75,'Implement a consistent review cycle for security metrics and controls, such as quarterly or semi-annually, to ensure that cybersecurity measures are continually optimized in response to new threats.',NULL,NULL),
(54,76,'Keep a thorough, documented log of all security assessments, test outcomes, and corrective actions. This documentation is critical for tracking improvements over time and ensuring accountability in the risk management process.',NULL,NULL),
(55,77,'Provide cybersecurity awareness training on a regular basis (e.g., annually or more frequently) to ensure that all employees remain updated on emerging threats and best practices.',NULL,NULL),
(56,78,'Implement a formal evaluation process to measure the effectiveness of cybersecurity training programs. This process should include assessments and feedback mechanisms to continuously refine and improve training content.',NULL,NULL),
(57,80,'User access rights and privileges should be reviewed on a frequent schedule, such as quarterly or semi-annually, to ensure adherence to the principle of least privilege and to minimize potential security risks.',NULL,NULL),
(58,81,'Periodic background checks and specialized security training for employees in sensitive or privileged roles are essential to mitigate insider risks and ensure that those with elevated access are well-prepared to manage security responsibilities.',NULL,NULL),
(59,82,'Adopt a consistent schedule for conducting formal cybersecurity risk assessments—ideally on an annual basis or following significant operational changes—to maintain a proactive risk management posture.',NULL,NULL),
(60,83,'Ensure that all relevant stakeholders, including IT personnel, management, and end-users, receive structured and ongoing training on cybersecurity risk policies. Formalized communication and training are vital for fostering a culture of security awareness and ensuring effective policy implementation.',NULL,NULL),
(61,84,'It is recommended to test business continuity and disaster recovery plans on a regular schedule, such as annually or semi-annually. Regular tests ensure that procedures are effective, gaps are identified, and timely corrective actions can be taken.',NULL,NULL),
(62,85,'A dedicated crisis management team with clearly defined roles and responsibilities should be established. This ensures a coordinated and efficient response during cybersecurity incidents, thereby minimizing disruptions and enhancing overall operational resilience.',NULL,NULL),
(63,86,'Incorporating structured security testing during development helps identify and remediate vulnerabilities early. It is essential to integrate regular code reviews, penetration tests, and static analysis into the development process to ensure that the system is secure before deployment.','',''),
(64,300,'Formalizing your consent process is essential to ensure that all data subjects provide explicit, informed agreement for the collection of their personal data. A well-documented process will not only strengthen your legal compliance but also enhance trust among stakeholders by clearly communicating data usage purposes.',NULL,NULL),
(65,301,'Ensure that all communications regarding data collection are thorough and unambiguous. Providing clear, comprehensive information at the time of data collection helps uphold transparency, making it easier for data subjects to understand the purpose and scope of data usage.',NULL,NULL),
(66,302,'Secure record-keeping is vital for demonstrating compliance. Ensure that all consent records are stored safely and maintained over time so that they can be readily produced during audits or compliance reviews, thereby reinforcing your adherence to GDPR standards.',NULL,NULL),
(67,303,'Implement strong security controls, including state-of-the-art encryption and rigorous access management protocols, to ensure the integrity and confidentiality of personal data during processing. This proactive approach minimizes risks and underpins your overall data security strategy.',NULL,NULL),
(68,304,'Regularly reviewing and updating your access controls and authentication mechanisms is crucial for preventing unauthorized access. This ongoing vigilance not only mitigates potential risks but also supports a robust security framework in compliance with GDPR.',NULL,NULL),
(69,305,'Ensure that all data processing activities are conducted strictly in accordance with documented, lawful purposes. Adherence to established procedures is key to maintaining data protection standards and minimizing the risk of non-compliance under GDPR.',NULL,NULL),
(70,306,'Establish and clearly document procedures that enable data subjects to access, rectify, or erase their personal data upon request. A well-structured process empowers data subjects and reinforces your commitment to GDPR compliance.',NULL,NULL),
(71,307,'Ensure that your systems support data portability and that robust mechanisms are in place to accommodate objections to data processing. This comprehensive approach reinforces the rights of data subjects and aligns with GDPR mandates.',NULL,NULL),
(72,308,'Providing timely and detailed information about data processing activities is essential for maintaining transparency and accountability. This practice not only meets regulatory requirements but also builds confidence among data subjects.',NULL,NULL),
(73,309,'Develop a comprehensive incident response plan that includes protocols for prompt notification of supervisory authorities within 72 hours of a data breach. This ensures swift action, minimizes potential harm, and upholds regulatory standards.',NULL,NULL),
(74,310,'Breach notifications should be clear, concise, and delivered without delay. Ensure that all affected data subjects are informed promptly in a manner that is both legally compliant and transparent, thereby maintaining trust and accountability.',NULL,NULL),
(75,311,'Conduct regular training sessions and simulation exercises to ensure that your team is well-prepared to manage data breaches. Ongoing education and drills are critical for minimizing damage and refining your response strategy.',NULL,NULL),
(76,322,'Regular reviews help ensure that the consent mechanism remains compliant with evolving regulations.',NULL,NULL),
(77,323,'Regular testing is essential for identifying vulnerabilities and strengthening security controls.',NULL,NULL),
(78,324,'Timely resolution of data subject requests is critical for compliance and for maintaining trust with data subjects.',NULL,NULL),
(79,325,'A dedicated breach response team ensures that lessons learned are integrated into improved incident response procedures.',NULL,NULL),
(80,327,'A documented policy helps ensure compliance with data minimization principles.',NULL,NULL),
(81,328,'Regular reviews help maintain data minimization and reduce risks.',NULL,NULL),
(82,329,'Contracts with third parties should specify clear data protection responsibilities.',NULL,NULL),
(83,330,'Ensure that international transfers are governed by appropriate safeguards.',NULL,NULL),
(84,345,'Implementing an automated detection system minimizes delays and ensures prompt incident response.',NULL,NULL),
(85,346,'Rapid verification ensures that alerts are accurate and actionable.',NULL,NULL),
(86,347,'A predefined protocol ensures consistent and timely incident notifications.',NULL,NULL),
(87,348,'Integration of automated alert systems can accelerate response times and ensure seamless coordination among teams.',NULL,NULL),
(88,349,'Timely internal notifications help mobilize the response team quickly.',NULL,NULL),
(89,350,'Defining an escalation path ensures that critical incidents receive appropriate attention.',NULL,NULL),
(90,351,'Clear role definitions improve coordination and reduce response time.',NULL,NULL),
(91,352,'A centralized portal enhances internal communication by consolidating all incident-related information, facilitating quick decision-making.',NULL,NULL),
(92,353,'Timely external notifications are essential for legal compliance and maintaining trust.',NULL,NULL),
(93,354,'Reviewing notifications ensures clear and compliant communications.',NULL,NULL),
(94,355,'A specialized team ensures that external communications are handled effectively and consistently.',NULL,NULL),
(95,356,'Utilizing pre-approved templates ensures clear, consistent, and compliant external notifications.',NULL,NULL),
(96,357,'Regular reviews help identify gaps and improve incident response procedures.',NULL,NULL),
(97,358,'Incorporating lessons learned is key to continuous improvement.',NULL,NULL),
(98,359,'Collecting stakeholder feedback helps refine processes and build trust for future incidents.',NULL,NULL),
(99,360,'Prompt review meetings are essential to capture critical insights for improving future incident responses.',NULL,NULL),
(100,361,'A formal post-incident analysis process enables your organization to learn from each incident, address underlying issues, and enhance response strategies.',NULL,NULL),
(101,362,'Documenting and reviewing lessons learned is critical for continuous improvement. It allows your organization to analyze incidents, identify root causes, and adjust response strategies accordingly.',NULL,NULL),
(102,363,'A formal follow-up mechanism is essential to ensure that identified corrective actions are executed promptly, reducing the risk of recurrence.',NULL,NULL),
(103,364,'Regular audits of recovery processes are essential to verify that corrective actions are effective and that recovery procedures remain robust.',NULL,NULL),
(160,499,'This shows if you selected \"Incorrect\"','',''),
(161,365,'','',''),
(162,495,'','',''),
(163,500,'','',''),
(164,501,'','',''),
(167,634,'A entidade deve manter um registo de inventário, com informação básica, dos ativos e dos responsáveis pelos mesmos de forma isolada.','A entidade deve manter uma política de ativos, na qual deve manter os ativos registados de forma sistemática, com identificação individual e atribuído a um responsável. Os ativos devem ser registados com informação relevante aos mesmos como um identificador único, categoria, data de aquisição, vida útil estimada, data de última manutenção, endereço IP (se relevante) e o colaborador responsável, complementado com o seu contacto, entre outros.','A entidade deve manter uma política de ativos, na qual se define que o inventário é monitorizado e acompanhado constantemente, com identificação individual, automatizada para novos ativos ou alteração de ativos existentes e atribuído a um responsável. Os ativos devem ser registados com informação relevante aos mesmos como um identificador único, categoria, data de aquisição, vida útil estimada, data de última manutenção, endereço IP (se relevante) e o colaborador responsável, complementado com o seu contacto, entre outros. Os ativos devem ser revistos periodicamente a nível de efetividade e acompanhados de propostas ou melhorias do processo de gestão de inventários, se relevante. Quando existe uma alteração a nível operacional, como a introdução, remoção ou alteração de algum processo ou ferramenta, entre outros que possam impactar os ativos e a sua função, deve ser integrada a gestão de ativos.'),
(168,635,'A entidade deve manter um registo dos sistemas, com informação básica (como identificador único e descrição) e dos seus responsáveis, de forma isolada.','A entidade deve manter o registo dos sistemas dentro da política de ativos, registadas de forma sistemática, com identificação individual e atribuído a um responsável. Os sistemas devem ser registados com informação relevante aos mesmos como um identificador único, nome, descrição, proprietário, data de implementação, versão, acessos e permissões, classificação de criticidade e o colaborador responsável, complementado com o seu contacto, entre outros.','A entidade deve manter o registo dos sistemas dentro da política de ativos, na qual se define que os sistemas são monitorizados e acompanhados constantemente, com identificação individual, automatizados para novos sistemas ou alteração de sistemas existentes e atribuídos a um responsável, individualmente. Os sistemas devem ser registados com informação relevante aos mesmos como um identificador único, nome, descrição, proprietário, data de implementação, versão, acessos e permissões, classificação de criticidade e o colaborador responsável, complementado com o seu contacto, entre outros. Os sistemas devem ser revistos periodicamente a nível de efetividade e acompanhados de propostas ou melhorias do processo de gestão de inventários, se relevante. Quando existe uma alteração a nível operacional, como a introdução, remoção ou alteração de algum processo ou ferramenta, entre outros que possam impactar os sistemas e a sua função, deve ser integrada a gestão de sistemas.'),
(169,636,'A entidade deve manter um esquema da rede identificado por zonas e os ativos de redes identificados.','A entidade deve manter os ativos de redes identificados e inventariados. A entidade deve registar e identificar por zonas a topologia de rede, acompanhada por um mapa de endereços IP e um mapa de fluxo de comunicações. A entidade deve ainda manter uma política que defina o fluxo seguro de dados entre sistemas internos e externos.','A entidade deve manter o inventário de redes de forma automática através de ferramentas de descoberta. A entidade deve registar e identificar por zonas a topologia de rede, acompanhada por um mapa de endereços IP e um mapa de fluxo de comunicações. A entidade deve manter métricas de acompanhamento dos ativos de rede, que são acompanhadas por revisões periódicas de inventário para garantir a atualização e melhoria contínua dos processos.'),
(170,637,'A entidade deve manter os ativos de rede localizados em ambientes externos identificados.','A entidade deve manter os ativos de rede localizados em ambientes externos identificados de forma completa (assegurar registo de endereço IP, inventário, tipologia, responsável, geolocalização, entre outros relevantes). A entidade deve ter uma equipa dedicada ao acompanhamento e manutenção destes ativos e manter uma política de segurança para ativos em ambientes externos que define como manter estes ativos e a informação que os suportam seguros.','A entidade deve monitorizar e gerir os ativos remotamente. O inventário dos ativos de rede em ambientes externos deve ser automatizado e a monitorização deve ser acompanhada de indicadores de performance. A entidade deve vistoriar os ativos periodicamente, para fins preventivos.'),
(171,638,'A entidade deve manter os ativos para prestação de bens e serviços classificados, de forma básica.','A entidade deve manter uma política de classificação de ativos para prestação de bens e serviços, onde define os seus métodos de classificação por criticidade e valor percebido. Os responsáveis pelos ativos devem ser capazes de classificar os mesmos adequadamente, seguindo a política mencionada anteriormente.','A entidade deve manter uma política de classificação de ativos para prestação de bens e serviços, onde define os seus métodos de classificação por criticidade e valor percebido. A classificação de cada ativo deve definir os controlos de segurança aplicados. Os responsáveis pelos ativos devem ser capazes de classificar os mesmos adequadamente, seguindo a política mencionada anteriormente. A entidade deve realizar avaliações e revisões regulares à classificação dos ativos e aos controlos de classificação dos mesmos.'),
(172,639,'A entidade deve manter um registo formal dos fornecedores da organização, organizados por subgrupo.','A entidade deve manter uma política para a relação com os fornecedores, onde define os procedimentos que devem ser seguidos, o suporte documental necessário, a definição de controlos de restrições, entre outros que ache relevante. A entidade deve manter registos integrados e de tipificação, que é definida consoante a sua criticidade para a organização.','A entidade deve manter uma política para a relação com os fornecedores, onde define os procedimentos que devem ser seguidos, o suporte documental necessário, a definição de controlos de restrições, entre outros que ache relevante. A entidade deve manter registos integrados e de tipificação, que é definida consoante a sua criticidade para a organização. A entidade deve validar os controlos de segurança dos fornecedores de serviços críticos, para atenderem aos seus requisitos. A tipificação dos fornecedores e os contratos com os mesmos são avaliados e revistos em intervalos regulares.'),
(173,640,'A entidade deve manter a sua missão e objetivo definidos e identificar as partes interessadas e relevantes internas e externas.','A entidade deve manter uma política de segurança da informação em que faz referência à missão, objetivos e partes interessadas e a mesma deve ser divulgada e tomada a conhecer a todas as partes interessadas. A gestão da entidade deve realizar uma análise de forças, oportunidades, ameaças e fraquezas (SWOT) da sua atividade.','A entidade deve manter uma política de segurança da informação em que faz referência à missão, objetivos e partes interessadas e a mesma deve ser divulgada e tomada a conhecer a todas as partes interessadas. A gestão da entidade deve realizar uma análise de forças, oportunidades, ameaças e fraquezas (SWOT) da sua atividade. A política de segurança da informação, os relacionamentos com as partes interessadas e os estudos SWOT devem ser revistos em intervalos regulares.'),
(174,641,'A entidade deve manter um plano de negócio ou equivalente, que define a sua missão, valores, objetivos estratégicos e relação com fornecedores, parceiros e demais interessados.','A entidade deve manter um plano de negócio ou equivalente e uma política de segurança da informação, definindo a sua missão, valores, objetivos estratégicos e relação com fornecedores, parceiros e demais interessados em ambos os documentos. A entidade deve divulgar a política de segurança da informação pelas partes interessadas.','A entidade deve manter um plano de negócio ou equivalente e uma política de segurança da informação, definindo a sua missão, valores, objetivos estratégicos e relação com fornecedores, parceiros e demais interessados em ambos os documentos. A entidade deve divulgar a política de segurança da informação pelas partes interessadas. A política de segurança, o plano de negócio (ou equivalente) e a relação com as partes interessadas devem ser revistos regularmente, tal como a realização de ações de sensibilização.'),
(175,642,'A entidade deve manter um registo dos ativos críticos.','A entidade deve manter um registo dos ativos críticos de infraestrutura, redes e sistemas da organização numa ferramenta de gestão. Esses ativos devem ser monitorizados e geridos a nível da sua capacidade produtiva. A entidade deve manter uma política de classificação de ativos conforme a sua criticidade.','A entidade deve manter um registo dos ativos críticos, que é atualizado dinamicamente (conforme alterações realizadas nos ambientes existentes), de infraestrutura, redes e sistemas da organização numa ferramenta de gestão. Esses ativos devem ser monitorizados, com manutenções preventivas planeadas e geridos a nível da sua capacidade produtiva (com revisões de necessidade constantes). A entidade deve manter uma política de classificação de ativos conforme a sua criticidade.'),
(176,643,'A entidade deve manter os requisitos mínimos para prestação dos serviços críticos e os fornecedores críticos identificados.','A entidade deve manter um plano de continuidade de negócio na qual estão registadas estratégias de recuperação, complementado por teste de efetividade. A entidade deve manter contratos com fornecedores críticos de cláusulas de continuidade e possuir procedimentos de recuperação de infraestruturas bem definidos.','A entidade deve manter um plano de continuidade de negócio na qual estão registadas estratégias de recuperação, complementado por teste de efetividade e com revisão regular. A entidade deve manter contratos com fornecedores críticos de cláusulas de continuidade e realizar auditorias regulares aos mesmos, no qual se avalia a sua capacidade de resiliência no atendimento da sua prestação de serviços. A entidade deve possuir procedimentos de recuperação de infraestruturas bem definidos e deve manter um hot site de contingência.'),
(177,644,'A entidade deve manter uma política de segurança e deve divulgá-la internamente.','A entidade deve manter uma política de segurança e deve divulgá-la internamente, incluindo uma publicação oficial pela gestão de topo. A entidade deve manter a política de segurança num local de fácil acesso a colaboradores e deve guardar comprovativos da leitura da política por parte dos mesmos. Os colaboradores devem ser informados e devem participar em ações de sensibilização sobre a política de segurança e os seus termos.','A entidade deve manter uma política de segurança, que é complementada por outras políticas ligadas à segurança da informação (para temas mais específicos) dentro da organização e deve divulgá-la internamente, incluindo uma publicação oficial pela gestão de topo. A política de segurança deve ser revista com uma regularidade mínima anual. A entidade deve manter o conjunto de políticas de segurança num sistema de gestão eletrónica de documentação. As políticas devem ser divulgadas pela intranet da organização e devem ser guardados comprovativos de leitura por parte dos colaboradores. Os colaboradores devem ser informados e devem participar em ações de sensibilização sobre a política de segurança e os seus termos.'),
(178,645,'A entidade deve manter as vulnerabilidades identificadas.','A entidade deve manter as vulnerabilidades identificadas e tipificadas (classificadas por critérios definidos pela organização) num gestor de vulnerabilidades, que monitoriza os ativos e regista as vulnerabilidades. A entidade deve manter uma equipa dedicada ao acompanhamento de publicações de novas vulnerabilidades.','A entidade deve manter as vulnerabilidades identificadas e tipificadas (classificadas por critérios definidos pela organização) num gestor de vulnerabilidades, que monitoriza os ativos e tem um sistema de identificação automático de pesquisa de vulnerabilidades. As vulnerabilidades devem ser correlacionadas, sempre que faça sentido. A entidade deve manter uma equipa dedicada ao acompanhamento de publicações de novas vulnerabilidades, que seguem um processo formal de revisão e análise recorrente das vulnerabilidades detetadas.'),
(179,646,'A entidade deve manter contactos informais com grupos de interesse.','A entidade deve manter canais de comunicação com grupos de interesse, no qual existe troca de informação sobre vulnerabilidades e outros temas de segurança da informação relevantes. Os responsáveis de comunicação das vulnerabilidades com os grupos de interesse devem estar identificados.','A entidade deve manter canais de comunicação com grupos de interesse, no qual existe troca de informação sobre vulnerabilidades e outros temas de segurança da informação relevantes e devem ser feitos registos como forma de garantir controlos e métricas de acompanhamento (como vulnerabilidades tratadas e riscos mitigados, entre outros). Esta comunicação deve ser sistematizada em processos automáticos sempre que possível, através da integração com os processos de gestão das vulnerabilidades. As comunicações devem ser revistas e avaliadas a nível de assertividade e efetividade periodadamente. Os responsáveis de comunicação das vulnerabilidades com os grupos de interesse devem estar identificados.'),
(180,647,'A entidade deve manter uma lista genérica de ameaças.','A entidade deve manter um mapa de ameaças conhecidas, com cada vulnerabilidade associada a um ativo e uma indicação de tratamento.','A entidade deve manter um mapa de ameaças conhecidas, com cada vulnerabilidade associada a um ativo e uma indicação de tratamento. O processo de gestão de riscos deve ser estabelecido com critérios definidos e os seus resultados e estratégias de tratamento devem ser revistos em intervalos regulares, tal como o processo de gestão de riscos deve ser avaliado e testado quanto à sua efetividade. A entidade deve manter um sistema de gestão de riscos que permite uma melhor eficiência, através de um apoio sistémico ao processo e aos workflows de tratamento dos riscos e que garanta a integridade do processo.'),
(181,648,'A entidade deve estabelecer uma metodologia de gestão de risco.','A entidade deve estabelecer uma metodologia de gestão de risco em que define metodologias de análise de risco, onde define formalmente os critérios de probabilidade e impacto dos riscos (incluindo vulnerabilidades e ameaças) e avalia os mesmos através de uma função que calcula o nível de risco de cada ativo. A entidade deve definir uma escala que avalie os ativos quanto à sua relevância.','A entidade deve estabelecer uma metodologia de gestão de risco em que define metodologias de análise de risco, onde define formalmente os critérios de probabilidade e impacto dos riscos (incluindo vulnerabilidades e ameaças) e avalia os mesmos através de um sistema específico para o efeito. A entidade deve definir uma escala que avalie os ativos quanto à sua relevância, que tem em consideração o grau de importância para o negócio e o seu valor monetário.'),
(182,649,'A entidade deve endereçar e tentar minimizar os riscos que a afetam, assim que possível.','A entidade deve definir uma metodologia de tratamento de riscos, em que estabelece formalmente estratégias para o tratamento dos riscos identificados. A entidade deve definir critérios formais e aceites (como o nível de exposição percebido e a relevância do ativo) pela gestão de topo que vão determinar os riscos que devem ser priorizados.','A entidade deve definir uma metodologia de tratamento de riscos, em que estabelece formalmente estratégias para o tratamento dos riscos identificados. A entidade deve definir critérios formais e aceites (como o nível de exposição percebido, a relevância do ativo e o custo financeiro e operacional entre o dano previsto e o de implementação dos controlos definidos) pela gestão de topo que vão determinar os riscos que devem ser priorizados. A classificação dos riscos e os seus critérios deve ser revista periodicamente.'),
(183,650,'A entidade deve manter uma estratégia de gestão de riscos.','A entidade deve manter uma política de gestão de riscos, na qual define as estratégias de gestão de risco para toda a organização, define responsáveis pela gestão dos processos e tratamento de riscos identificados e define a ligação entre os riscos aos ativos e processos da organização.','A entidade deve manter uma política de gestão de riscos, na qual define as estratégias de gestão de risco para toda a organização, define responsáveis pela gestão dos processos e tratamento de riscos identificados e define a ligação entre os riscos aos ativos e processos da organização. A política de gestão de risco deve ainda definir estratégias de tolerância, apetite e tratamento dos riscos, a estrutura do governo da gestão de riscos e as dinâmicas de identificação, análise, avaliação e medição dos riscos. A entidade deve utilizar um software ou plataforma dedicada ao suporte à gestão de riscos. Os riscos identificados e os controlos implementados para os mesmos devem ser reavaliados periodicamente.'),
(184,651,'A entidade deve decidir um nível de tolerância ao risco.','A entidade deve manter um registo formal, na política de gestão de riscos, da tolerância ao risco aceite, da estratégia de tratamento de riscos conforme o nível de risco percebido e dos riscos aceites pela gestão de topo.','A entidade deve manter um registo formal, na política de gestão de riscos, da tolerância ao risco aceite, da estratégia de tratamento de riscos conforme o nível de risco percebido e dos riscos aceites pela gestão de topo. Estas estratégias e indicadores de tolerância devem ser revistos e atualizados periodicamente.'),
(185,652,'A entidade deve fazer um tratamento de riscos.','A entidade deve definir uma estratégia de resposta aos riscos associados aos ativos críticos, identificando pelo menos uma das quatro estratégias clássicas para cada um (negar, mitigar, transferir ou aceitar).','A entidade deve definir uma estratégia de resposta aos riscos associados aos ativos críticos, identificando pelo menos uma das quatro estratégias clássicas para cada um (negar, mitigar, transferir ou aceitar). A entidade deve ter em consideração resultados de benchmarks de mercado, regulações e orientações do governo ou do mercado para a seleção da estratégia de tratamento do risco.'),
(186,653,'A entidade deve identificar os diferentes fornecedores e parceiros da cadeia logística.','A entidade deve manter uma política de gestão de fornecedores na qual deve identificar os diferentes fornecedores e parceiros da cadeia logística. Essa mesma política deve indicar a necessidade de tratamento da gestão de riscos nas atividades da organização, dos responsáveis e uma periodicidade de análise.','A entidade deve manter uma política de gestão de fornecedores na qual deve identificar os diferentes fornecedores e parceiros da cadeia logística. Essa mesma política deve indicar a necessidade de tratamento da gestão de riscos nas atividades da organização, dos responsáveis e uma periodicidade de análise. A política de gestão deve ainda categorizar os fornecedores e parceiros de acordo com o nível de risco atribuído após avaliação e as avaliações devem ser avaliadas regularmente.'),
(187,654,'A entidade deve manter os fornecedores da organização ao nível da cibersegurança identificados.','A entidade deve categorizar os fornecedores de cibersegurança conforme indicado nos critérios da política de gestão de fornecedores e os mesmos devem ser, em conjunto com os fornecedores críticos, categorizados quanto à criticidade para o negócio.','A entidade deve categorizar os fornecedores de cibersegurança conforme indicado nos critérios da política de gestão de fornecedores e os mesmos devem ser, em conjunto com os fornecedores críticos, categorizados, através de critérios de classificação proativa, quanto à criticidade para o negócio. O registo de fornecedores deve estar integrado com a avaliação de riscos.'),
(188,655,'A entidade deve manter um processo formal de contratação de fornecedores relevantes para a cadeia de logística.','A entidade deve manter um processo formal de contratação de fornecedores relevantes para a cadeia de logística na qual devem abordar temas da segurança da informação, como cláusulas sobre confidencialidade e privacidade, por exemplo.','A entidade deve manter um processo formal de contratação de fornecedores relevantes para a cadeia de logística na qual devem abordar temas da segurança da informação, como cláusulas sobre confidencialidade e privacidade, por exemplo. A política de gestão de fornecedores deve incluir controlos de segurança na cadeia logística, que devem ser avaliados em intervalos regulares, atendendo à gestão de riscos.'),
(189,656,'A entidade deve fazer uma avaliação documentada, ainda que simples, aos fornecedores.','A entidade deve manter uma referência nas políticas internas e nos contratos com fornecedores sobre a possibilidade de avaliar os fornecedores no âmbito da segurança da informação, através de auditorias realizadas pelo menos anualmente. Os planos de auditoria devem ser estruturados pela perceção de risco da entidade e dos fornecedores.','A entidade deve manter uma referência nas políticas internas e nos contratos com fornecedores sobre a possibilidade de avaliar os fornecedores no âmbito da segurança da informação, através de auditorias realizadas pelo menos anualmente, nas quais os pontos identificados devem ser acompanhados até serem tratados. Os planos de auditoria devem ser estruturados pela perceção de risco da entidade e dos fornecedores. A entidade deve utilizar procedimentos e ferramentas de monitorização para controlar os riscos de segurança na cadeia logística.'),
(190,657,'A entidade deve manter identificados os fornecedores que suportam os processos críticos da organização.','A entidade deve manter um plano de resposta e recuperação que inclui os fornecedores e identifica as dependências críticas da organização nos mesmos.','A entidade deve manter um plano de resposta e recuperação que inclui os fornecedores e identifica as dependências críticas da organização nos mesmos. Os planos de resposta e recuperação devem ser testados, com o envolvimento dos fornecedores e os resultados dos testes devem ser validados e, caso necessário, alterados para melhorar a sua eficácia e eficiência.'),
(191,696,'A entidade deve definir os acessos de identidades com base nos acessos atribuídos no passado.','A entidade deve manter uma política de gestão de identidades e acessos, que deve definir a gestão de identidades e dos acessos nos sistemas e acessos em geral. Para além disso, devem ainda ser definidos procedimentos relativos à gestão de acessos para a etapa de emissão, gestão, verificação e revogação de acessos. A entidade deve manter um diretório centralizado, pelo qual as identidades e os acessos são geridos.','A entidade deve manter uma política de gestão de identidades e acessos, que deve definir a gestão de identidades e dos acessos nos sistemas e acessos em geral. Os acessos devem ser estabelecidos e limitados de acordo com perfis funcionais e devem existir controlos que evitem acessos excessivos sem justificação funcional. Os acessos devem ser revistos e avaliados em intervalos regulares. A entidade deve manter um diretório centralizado, pelo qual as identidades e os acessos são geridos.'),
(192,697,'A entidade deve manter controlos que restringem o acesso físico a zonas que pretende proteger e os acessos devem ser registados através de identificação individual.','A entidade deve manter controlos que restringem o acesso físico a zonas que pretende proteger e os acessos devem ser registados através de identificação individual. Os acessos físicos devem ser integrados no sistema de identidades e acessos.','A entidade deve manter controlos que restringem o acesso físico a zonas que pretende proteger e os acessos devem ser registados através de identificação individual. Os acessos de pessoas externas devem ser monitorizados e as mesmas devem ser acompanhadas por um colaborador com autorização de acesso às zonas visitadas. Os acessos físicos devem ser integrados no sistema de identidades e acessos e devem ser revistos regularmente.'),
(193,698,'A entidade deve suportar acessos remotos, através de VPNs ou outros mecanismos seguros.','A entidade deve manter uma política interna que trata de acessos remotos e teletrabalho. Os acessos remotos devem ser controlados de forma centralizada e integrada nos sistemas internos. A entidade deve implementar um sistema de acesso remoto seguro, com uso de criptografia adequada na autenticação e no tráfego.','A entidade deve manter uma política interna que trata de acessos remotos e teletrabalho. Os acessos remotos devem ser controlados de forma centralizada e integrada nos sistemas internos. A entidade deve implementar um sistema de acesso remoto seguro, com uso de criptografia adequada na autenticação e no tráfego, bloqueando acessos com regras de logon, tempo de sessão e origem das ligações, integrando autenticação externa aos perfis de acesso definidos internamente e utilizando autenticação multi-fator. A entidade deve ainda monitorizar os acessos remotos e fazer revisões regulares dos acessos e tráfego.'),
(194,699,'A entidade deve atribuir acessos de forma individual, baseados nos acessos de colaboradores com perfis similares.','A entidade deve conceder acessos conforme o perfil funcional do colaborador, definidos pela política de gestão de acesso, que se deve reger pelo princípio do menor privilégio. Perfis de acessos elevados devem ser atribuídos com critérios de restrição, como sequenciais, quórum ou geoespacial.','A entidade deve conceder acessos conforme o perfil funcional do colaborador, definidos pela política de gestão de acesso, que se deve reger pelo princípio do menor privilégio. Perfis de acessos elevados devem ser atribuídos com critérios de restrição, como sequenciais, quórum ou geoespacial e devem ser alvos de controlos complementares, como férias obrigatórias e job rotation. A definição de funções e os níveis de acesso devem ser revistos regularmente, com atenção especial aos acessos concedidos com privilégios elevados.'),
(195,700,'A entidade deve manter as redes internas segregadas conforme a sua finalidade.','A entidade deve manter as redes internas segregadas conforme a sua finalidade e a sua topologia documentada. As regras de acesso e qualquer alteração às mesmas devem estar registadas.','A entidade deve manter as redes internas segregadas conforme a sua finalidade e a sua topologia documentada. As regras de acesso devem estar documentadas e devem ser efetuadas revisões regulares das mesmas. Quaisquer alterações às regras de acesso devem estar registadas e só devem ser alteradas após realização de validações específicas. Os equipamentos das redes devem ser monitorizados e devem ser realizados testes de controlos gerais de segurança (por exemplo, testes de intrusão), para testar a infraestrutura da rede.'),
(196,701,'A entidade deve manter um registo com o vínculo de um colaborador às suas credenciais.','A entidade deve manter um registo com o vínculo de um colaborador às suas credenciais. Devem existir registos dos procedimentos de validação das identidades em políticas da organização. A entidade deve manter procedimentos sistémicos, baseados na identificação dos colaboradores, que ajudam na gestão de identidades e acessos e na validação interativa das credenciais.','A entidade deve manter um registo com o vínculo de um colaborador às suas credenciais. Devem existir registos dos procedimentos de validação das identidades em políticas da organização. A entidade deve manter procedimentos sistémicos, baseados na identificação dos colaboradores, que ajudam na gestão de identidades e acessos e na validação interativa das credenciais. Deve existir uma equipa dedicada a validar e atribuir identidades. A gestão de acessos deve ser revista e avaliada com recorrência, tal como os seus antecedentes, com o objetivo de os resultados serem utilizados para melhorar os processos existentes.'),
(197,702,'A entidade deve manter mecanismos de autenticação, estabelecidos consoante os sistemas utilizado.','A entidade deve manter um sistema de gestão de identidades e acessos estabelecidos, que abrange utilizadores, dispositivos e outros ativos de sistemas. A entidade deve manter uma política de acessos, na qual define grupos funcionais, que devem ser implementados na autenticação.','A entidade deve manter um sistema de gestão de identidades e acessos estabelecidos, que abrange utilizadores, dispositivos e outros ativos de sistemas. A entidade deve manter uma política de acessos, na qual define grupos funcionais, que devem ser implementados na autenticação. A autenticação deve ser realizada de forma integrada e transversal entre sistemas e deve ter múltiplos fatores em sistemas críticos.'),
(198,703,'Os colaboradores devem apresentar consciência sobre os temas de segurança da informação e como a organização os aborda. A entidade deve realizar sessões de formação e consciencialização para os colaboradores sobre o tema.','A entidade deve manter um plano formal de ações de formação para os colaboradores. As formações devem ser específicas aos colaboradores e ao seu conhecimento e caso de uso.','A entidade deve manter um plano formal de ações de formação para os colaboradores. As formações devem ser específicas aos colaboradores e ao seu conhecimento e caso de uso. Os resultados das ações de formação devem ser avaliados. A entidade deve utilizar diversos meios de comunicação para comunicar informações relacionadas com a segurança da informação.'),
(199,704,'Os utilizadores com acessos privilegiados devem ser notificados das responsabilidades acrescidas, relativas aos acessos.','A entidade deve manter um plano de formação específico para os utilizadores com acessos privilegiados, com conteúdo específico para o caso de uso dos mesmos. Devem existir procedimentos de registo de aceitação de termos de responsabilização sobre a utilização de sistemas com acessos privilegiados para os utilizadores.','A entidade deve manter um plano de formação específico para os utilizadores com acessos privilegiados, com conteúdo específico para o caso de uso dos mesmos e os resultados das ações de formação e consciencialização devem ser medidos. As ações de formação e consciencialização devem ocorrer periodicamente. Devem existir procedimentos de registo de aceitação de termos de responsabilização sobre a utilização de sistemas com acessos privilegiados para os utilizadores e os mesmos devem ser revistos e renovados regularmente.'),
(200,705,'A entidade deve manter registado requisitos mínimos de segurança da informação para com os seus fornecedores, parceiros e clientes.','A entidade deve manter registado requisitos mínimos de segurança da informação para com os seus fornecedores, parceiros e clientes. Os agentes externos devem obter formação e sensibilização sobre os requisitos de segurança que devem seguir.','A entidade deve manter registado requisitos mínimos de segurança da informação para com os seus fornecedores, parceiros e clientes. Os agentes externos devem obter formação e sensibilização sobre os requisitos de segurança que devem seguir e devem assinar um termo de compromisso para com os requisitos de segurança da entidade. A entidade deve fazer auditorias aos fornecedores, parceiros e clientes, para auferir se os mesmos estão a cumprir com os requisitos de segurança estipulados.'),
(201,706,'A gestão de topo deve ter definidas as suas funções e responsabilidades.','A entidade deve manter um registo dos papéis e responsabilidades da gestão de topo ao nível da segurança da informação que deve incluir uma matriz “RACI”.','A entidade deve manter um registo dos papéis e responsabilidades da gestão de topo ao nível da segurança da informação que deve incluir uma matriz “RACI”. A gestão de topo deve envolver-se nos temas de segurança da informação, ao participar em ações de consciencialização e formação e aceitar e apoiar as políticas e documentos de segurança da informação.'),
(202,707,'A entidade deve estabelecer regras de proteção da confidencialidade, integridade e disponibilidade dos ficheiros, documentos e dados através de políticas de cifras.','A entidade deve estabelecer regras de proteção da confidencialidade, integridade e disponibilidade dos ficheiros, documentos e dados através de políticas de cifras. A entidade deve manter políticas, procedimentos e documentos complementares relativos à segurança da informação onde devem classificar a informação consoante a sua sensibilidade e relevância e definir controlos de proteção baseados nessa mesma classificação.','A entidade deve estabelecer regras de proteção da confidencialidade, integridade e disponibilidade dos ficheiros, documentos e dados através de políticas de cifras. A entidade deve manter políticas, procedimentos e documentos complementares relativos à segurança da informação onde devem classificar a informação consoante a sua sensibilidade e relevância e definir controlos de proteção baseados nessa mesma classificação. O armazenamento dos dados, online e offline, deve ser gerido e definido consoante o seu nível de classificação.'),
(203,708,'A entidade e os seus colaboradores devem ter uma perceção do risco associado aos dados mais críticos ao negócio e devem utilizar medidas genéricas de proteção de dados em circulação, como criptografia.','A entidade deve manter políticas e procedimentos que abordem a proteção de dados em circulação, através da adoção de soluções específicas para cada tecnologia/ambiente, como criptografia, classificação da informação, transferência da informação, entre outros que possam ser relevantes.','A entidade deve manter políticas e procedimentos que abordem a proteção de dados em circulação, através da adoção de soluções específicas para cada tecnologia/ambiente, como criptografia, classificação da informação, transferência da informação, entre outros que possam ser relevantes. A tecnologia de cifra deve ser definida consoante a classificação da informação e deve haver uma análise e avaliação de riscos para os casos adversos, como controlos compensatórios, registos de aceitação de risco, entre outros.'),
(204,709,'A entidade deve manter um registo dos dados que entram e saem por meio de armazenamento físico e os dados devem ser protegidos através de um software de cifra.','A entidade deve manter políticas, normas e procedimentos que enderecem o ciclo de vida da informação, armazenada em ativos físicos amovíveis e que definam o software de cifra para os mesmos. Devem ainda ser registados os responsáveis atribuídos aos dispositivos amovíveis que possam conter dados.','A entidade deve manter políticas, normas e procedimentos que enderecem o ciclo de vida da informação, armazenada em ativos físicos amovíveis, que definam o software de cifra para os mesmos e que definam o software a utilizar para destruição definitiva dos dados e como destruir os dispositivos amovíveis. Os procedimentos de destruição definitiva de dados e de descarte de dispositivos devem ser revistos e testados periodicamente. Devem ainda ser registados os responsáveis atribuídos aos dispositivos amovíveis que possam conter dados.'),
(205,710,'A entidade deve gerir a capacidade para garantir a disponibilidade das redes e dos sistemas de informação.','A entidade deve manter procedimentos e documentos que suportem a gestão de capacidades e deve manter sistemas de monitorização das capacidades primárias (armazenamento, memória, processamento e conectividade).','A entidade deve manter procedimentos e documentos que suportem a gestão de capacidades, devem manter sistemas de monitorização das capacidades primárias (armazenamento, memória, processamento e conectividade) que alertam quando existem indicadores fora do esperado, deve realizar ações de avaliação da gestão da capacidade, que faz previsões da utilização passada e crescimento futuro e deve estabelecer redundância dos recursos das redes e sistemas.'),
(206,711,'A entidade deve manter procedimentos de salvaguarda e prevenção contra exfiltração.','A entidade deve manter procedimentos de salvaguarda e prevenção contra exfiltração, classificar a informação em sistemas de mensagens e trocas de email e realizar bloqueios preventivos a sistemas não autorizados de partilha de ficheiros.','A entidade deve manter procedimentos de salvaguarda e prevenção contra exfiltração ao implementar soluções de proteção contra perda de dados, classificar a informação em sistemas de mensagens e trocas de email e realizar bloqueios preventivos a sistemas não autorizados de partilha de ficheiros. Devem ser realizadas auditorias e avaliações dos controlos contra exfiltração de informação.'),
(207,712,'A entidade deve verificar a integridade dos sistemas de informação, firmware e dados.','A entidade deve definir processos e documentos de suporte aos mesmos para verificação da integridade. Deve também avaliar a integridade de bibliotecas, desenvolvidas por terceiros, através de testes estáticos, dinâmicos e interativos de segurança dos sistemas e infraestrutura, que são utilizadas no desenvolvimento ou operações dos sistemas de informação.','A entidade deve definir processos e documentos de suporte aos mesmos para verificação da integridade, baseados em algoritmos de verificação de integridade e utilizando sistemas de ferramentas centralizadas para o efeito. Deve também avaliar a integridade de bibliotecas, desenvolvidas por terceiros, através de testes estáticos, dinâmicos e interativos de segurança dos sistemas e infraestrutura, que são utilizadas no desenvolvimento ou operações dos sistemas de informação.'),
(208,713,'A entidade deve manter os sistemas com ambientes de desenvolvimento segregados dos ambientes de produção.','A entidade deve manter documentos de suporte ao desenvolvimento seguro de software, que incluem a segregação de todos os diferentes ambientes.','A entidade deve manter documentos de suporte ao desenvolvimento seguro de software, que incluem a segregação de todos os diferentes ambientes e proteção contra eventos não planeados em ambientes de proteção. Devem ser implementadas soluções para anonimizar dados de produção para fins de testes, processos de gestão de alterações e controlo de versionamento de software.'),
(209,714,'A entidade deve melhorar os processos de proteção.','A entidade deve melhorar os processos de proteção, baseado nas lições que são aprendidas através da medição e avaliação da eficácia das tecnologias de proteção.','A entidade deve melhorar os processos de proteção, baseado nas lições que são aprendidas através da medição e avaliação da eficácia das tecnologias de proteção. Devem ser realizadas revisões e auditorias nos processos de tratamento de incidentes, com as lições aprendidas a serem comunicadas às partes relevantes.'),
(210,715,'A entidade deve configurar as redes e sistemas de informação.','A entidade deve manter uma política que defina as configurações bases, procedimentos e requisitos de redes, sistemas de informação e tecnologias.','A entidade deve manter uma política que defina as configurações bases, procedimentos e requisitos de redes, sistemas de informação e tecnologias. As alterações das configurações devem ser monitorizadas, as atualizações de segurança garantidas através de um sistema para esse propósito e as regras de configuração devem estar num processo de integração e desenvolvimento contínuo.'),
(211,716,'A entidade deve definir um conjunto de medidas de segurança a aplicar para projetos de desenvolvimento.','A entidade deve manter um conjunto de políticas, procedimentos e requisitos de segurança para o desenvolvimento seguro, que devem abordar análises de risco.','A entidade deve manter um conjunto de políticas, procedimentos e requisitos de segurança para o desenvolvimento seguro, que devem abordar análises de risco. Devem ser utilizadas ferramentas de integração contínua, processos de testes e validações de segurança estabelecidos durante o ciclo de desenvolvimento, gestão do código-fonte e controlo de versões.'),
(212,717,'A entidade deve manter um processo de gestão de alterações.','A entidade deve manter documentado os procedimentos de gestão de alterações. Deve ser feito um processo de análise e avaliação às alterações antes das mesmas serem aprovadas.','A entidade deve manter documentado os procedimentos de gestão de alterações e os mesmos devem ser revistos periodicamente. Deve ser feito um processo de análise e avaliação às alterações antes das mesmas serem aprovadas. Deve ser adotado um sistema de integração e entrega contínua.'),
(213,718,'A entidade deve manter cópias de segurança de sistemas e ficheiros importantes.','A entidade deve manter cópias de segurança de sistemas e ficheiros importantes em locais fisicamente separados do ambiente protegido e devem ser realizados testes de restauro das mesmas em ambientes isolados. Devem ser mantidos documentos de suporte às cópias de segurança, como políticas, procedimentos, registos e padrões.','A entidade deve manter cópias de segurança de sistemas e ficheiros importantes em locais fisicamente separados do ambiente protegido, deve utilizar sistemas criptográficos de dados onde a confidencialidade seja necessária, deve manter soluções automatizadas para a validação da integridade das cópias de segurança e deve realizar testes de restauro das mesmas em ambientes isolados. Devem ser mantidos documentos de suporte às cópias de segurança, como políticas, procedimentos, registos e padrões. Devem existir ciclos de diferentes tipos de restauro e uso das cópias de segurança e os sistemas, ficheiros e procedimentos associados às cópias de segurança devem ser avaliados regularmente.'),
(214,719,'A entidade deve manter as infraestruturas críticas protegidas a nível da sua operacionalização.','A entidade deve manter as suas infraestruturas protegidas contra variações na corrente elétrica e devem utilizar sensores de fumo, humidade e temperatura.','A entidade deve manter as suas infraestruturas protegidas contra variações na corrente elétrica, através do uso de sistemas de gestão automática de fornecimento de eletricidade e devem utilizar sensores de fumo, humidade e temperatura. Devem ainda manter fontes alternativas de eletricidade, como geradores e fazer auditorias a estes sistemas e sensores regularmente.'),
(215,720,'A entidade deve destruir os dados seguramente.','A entidade deve manter procedimentos e políticas que definam como tratar da higienização de ficheiros e sistemas que suportem os mesmos.','A entidade deve manter procedimentos e políticas que definam como tratar da higienização de ficheiros e sistemas que suportem os mesmos. Os procedimentos e políticas devem ser revistos regularmente. Deve ser mantida uma evidência do comprometimento de parceiros e prestadores de serviços para com a higienização de ficheiros compartilhados ou de responsabilidade da organização. As eliminações realizadas devem ser registadas.'),
(216,721,'A entidade deve manter processos de proteção.','A entidade deve manter processos de proteção, complementados com procedimentos de controlo e monitorização para melhoria contínua.','A entidade deve manter processos de proteção, complementados com procedimentos de controlo e monitorização para melhoria contínua, que são revistos regularmente. Devem ser realizadas auditorias internas recorrentes no âmbito da segurança da informação e os resultados das mesmas devem ser tratados.'),
(217,722,'A entidade deve melhorar os processos de proteção.','A entidade deve melhorar os processos de proteção, baseado nas lições que são aprendidas através da medição e avaliação da eficácia das tecnologias de proteção.','A entidade deve melhorar os processos de proteção, baseado nas lições que são aprendidas através da medição e avaliação da eficácia das tecnologias de proteção. Devem ser realizadas revisões e auditorias nos processos de tratamento de incidentes, com as lições aprendidas comunicadas às partes relevantes.'),
(218,723,'A entidade deve atualizar os planos de resposta a incidentes.','A entidade deve manter um registo formal dos processos e políticas para a resposta a incidentes e para a continuidade do negócio. Os planos de resposta a incidentes devem ser medidos e avaliados quando executados, com posterior atualização, se necessário. Devem ser realizadas sessões de consciencialização ou outras formas de divulgação dos planos de continuidade.','A entidade deve manter um registo formal dos processos e políticas para a resposta a incidentes e para a continuidade do negócio. Os planos de resposta a incidentes devem ser medidos e avaliados quando executados, com posterior atualização, se necessário. Os planos de continuidade do negócio devem ser revistos e atualizados, se necessário. Devem ser realizadas sessões de consciencialização ou outras formas de divulgação dos planos de continuidade.'),
(219,724,'A entidade deve exercitar os planos de resposta a incidentes.','A entidade deve exercitar os planos de resposta a incidentes e de continuidade do negócio.','A entidade deve exercitar os planos de resposta a incidentes e de continuidade do negócio, com o último a ser alvo de testes de eficiência em simulacros de casos reais em departamentos da organização ou transversais. Caso a revisão dos resultados o exija, deve ser realizada uma atualização do plano de continuidade.'),
(220,725,'A entidade deve manter uma ferramenta automática de pesquisa de vulnerabilidades e um plano de avaliação das mesmas.','A entidade deve manter uma ferramenta automática de pesquisa de vulnerabilidades e um plano de avaliação das mesmas. As vulnerabilidades devem ser registadas e analisadas regularmente, tal como o seu tratamento deve ser registado e devem ser submetidas para serem tratadas por partes interessadas. Devem ser realizados testes de intrusão nos sistemas e infraestruturas pelo menos anualmente.','A entidade deve manter uma ferramenta automática de pesquisa de vulnerabilidades e um plano de avaliação das mesmas. O processo de análise de vulnerabilidades e tratamento de dados deve ser revisto regularmente. As vulnerabilidades devem ser registadas e analisadas regularmente, tal como o seu tratamento deve ser registado e deve existir colaboração com fornecedores, parceiros e entidades competentes para o tratamento das mesmas. Devem ser realizados testes de intrusão nos sistemas e infraestruturas pelo menos anualmente, com os resultados a serem tratados através de planos de ação.'),
(221,726,'A entidade deve realizar manutenção dos ativos da organização.','A entidade deve manter um registo formal das políticas e procedimentos de manutenções de ativos da organização. Os colaboradores devem obter formação para conseguirem realizar as manutenções necessárias. Devem ser definidos perfis de acesso para fins de manutenção.','A entidade deve manter um registo formal das políticas e procedimentos de manutenções de ativos da organização. Os colaboradores devem obter formação para conseguirem realizar as manutenções necessárias. Devem ser definidos perfis de acesso para fins de manutenção. Manutenções preventivas devem ser planeadas. Devem ser utilizadas ferramentas de gestão de pedidos e devem ser implementados controlos e registos de acesso a áreas seguras.'),
(222,727,'A entidade deve realizar manutenções remotas das redes.','A entidade deve realizar manutenções remotas das redes, através de procedimentos definidos e deve obter aprovação primeiro. Deve existir uma infraestrutura e conexão e autenticação forte com agentes externos para as manutenções.','A entidade deve realizar manutenções remotas das redes, através de procedimentos definidos e deve existir um sistema de gestão de workflow para pedidos e fluxos de aprovação das manutenções. Deve existir uma infraestrutura e conexão e autenticação forte com agentes externos para as manutenções, complementada por registos que indiquem a terminação das conexões sempre que as mesmas já não forem necessárias. Devem ser estabelecidas métricas de acompanhamento e garantias nos contratos, acordos de nível de serviço e demais registos.'),
(223,728,'A entidade deve manter registos de auditorias.','A entidade deve manter políticas e normas relativas à auditoria de sistemas, como a coleta, análise e do tratamento dos registos de eventos e também a execução dos procedimentos documentados. Devem ser utilizados sistemas para coletar, tratar e analisar os registos dos eventos.','A entidade deve manter políticas e normas relativas à auditoria de sistemas, como a coleta, análise e do tratamento dos registos de eventos e também a execução dos procedimentos documentados. O armazenamento, tratamento e correlação de registos de eventos deve ser mantido num sistema centralizado de análise para fins de auditorias. Devem ser utilizados sistemas para coletar, tratar e analisar os registos dos eventos. Devem existir controlos técnicos para verificar a integridade dos registos, tal como funções hash, sincronização de relógios e garantia do timestamping.'),
(224,729,'A entidade deve implementar medidas de proteção aos suportes de dados amovíveis, como o uso de bitlocker em discos. Devem ser definidas políticas de domínio aplicadas para a restrição de acesso a discos amovíveis.','A entidade deve registar políticas, padrões, normas e boas práticas sobre a utilização de dispositivos amovíveis, como a utilização de mecanismos técnicos (soluções criptográficas). Devem ser realizadas ações de sensibilização aos colaboradores sobre a utilização aceitável de dispositivos amovíveis.','A entidade deve registar políticas, padrões, normas e boas práticas sobre a utilização de dispositivos amovíveis, como a utilização de mecanismos técnicos (soluções criptográficas). Devem ser implementados bloqueios físicos ou lógicos para o uso de dispositivos amovíveis de armazenamento e devem ser utilizados procedimentos seguros e sistemas de destruição para o descarte de dispositivos amovíveis e para os seus dados, respetivamente. Devem ser realizadas ações de sensibilização aos colaboradores sobre a utilização aceitável de dispositivos amovíveis e devem ser colocadas restrições a pessoal autorizado.'),
(225,730,'A entidade deve manter os sistemas configurados apenas com as funcionalidades mínimas necessárias.','A entidade deve manter políticas e padrões de configuração apenas com as funcionalidades mínimas necessárias para cada necessidade de operação e deve integrar a gestão de identidades e acessos, mantendo-as também ao mínimo.','A entidade deve manter políticas e padrões de configuração apenas com as funcionalidades mínimas necessárias para cada necessidade de operação e deve integrar a gestão de identidades e acessos, mantendo-as também ao mínimo e adaptadas às funções. Os padrões e procedimentos de configurações de sistemas devem ser revistos periodicamente, tal como as definições de perfis funcionais por necessidades de acesso.'),
(226,731,'A entidade deve proteger as redes de comunicações através do uso de SSL/TLS e ao segmentar as mesmas.','A entidade deve proteger as redes de comunicações através do uso de SSL/TLS, IDS/IPS, firewalls, proxies, WAFs, entre outras relevantes e ao segmentar as mesmas.','A entidade deve proteger as redes de comunicações através do uso de SSL/TLS, IDS/IPS, firewalls, proxies, WAFs, entre outras relevantes e ao segmentar as mesmas. As soluções tecnológicas devem ser revistas regularmente e as alterações na rede devem seguir um processo de validação das mesmas.'),
(227,732,'A entidade deve implementar mecanismos de redundância nos sistemas ou equipamentos de redes de comunicações.','A entidade deve implementar mecanismos de redundância nos sistemas ou equipamentos de redes de comunicações e devem adotar soluções de balanceamento de carga. Os sistemas críticos devem ser especialmente redundantes.','A entidade deve implementar mecanismos de redundância nos sistemas ou equipamentos de redes de comunicações e devem adotar soluções de balanceamento de carga. Os sistemas críticos devem ser especialmente redundantes e altamente disponíveis. O plano de continuidade de negócios deve suportar o combate a eventos inesperados, que possam causar negação de serviço das operações.'),
(228,733,'A entidade deve manter um registo de fluxos de dados esperados para utilizadores e sistemas.','A entidade deve utilizar tecnologias de filtro e deteção de requisições anómalas, como firewall e IDS/IPS, deve consciencializar e formar os seus colaboradores nos temas de deteção de anomalias e eventos de segurança e deve registar padrões e procedimentos para modelos de referência interna de fluxos de dados.','A entidade deve utilizar tecnologias de filtro e deteção de requisições anómalas, como firewall e IDS/IPS, deve consciencializar e formar os seus colaboradores sobre deteção de anomalias e eventos de segurança e deve registar padrões e procedimentos para modelos de referência interna de fluxos de dados, que devem ser revistos periodicamente.'),
(229,734,'A entidade deve realizar uma análise de eventos.','A entidade deve detetar tentativas de ataques e incidentes de segurança, registar os mesmos para ser possível a sua análise, tratamento e comunicação a partes interessadas relevantes.','A entidade deve detetar tentativas de ataques e incidentes de segurança, registar os mesmos para ser possível a sua análise, tratamento e comunicação a partes interessadas relevantes. A análise de eventos deve permitir correlação entre os mesmos e o tratamento dos incidentes é registado como referência para eventos futuros.'),
(230,735,'A entidade deve coletar os eventos para um sistema central e correlacionar os mesmos com fontes não sistematizadas.','A entidade deve manter políticas e procedimentos de gestão e correlação de eventos de segurança, através de sistemas. As fontes de conhecimento utilizadas para as análises de eventos devem ser externas e internas.','A entidade deve manter políticas e procedimentos de gestão e correlação de eventos de segurança, através de sistemas. As fontes de conhecimento utilizadas para as análises de eventos devem ser externas e internas. Os controlos devem ser melhorados a partir dos registos e tratamentos realizados anteriormente e devem ser utilizados honeypots nas estruturas da organização.'),
(231,736,'A entidade deve classificar os eventos de segurança consoante o seu impacto percebido.','A entidade deve estabelecer metodologias para avaliação do impacto de eventos de segurança e deve manter documentos de apoio ao processo de gestão de eventos.','A entidade deve estabelecer metodologias para avaliação do impacto de eventos de segurança e deve manter documentos de apoio ao processo de gestão de eventos. A gestão de incidentes deve ser interligada aos eventos detetados.'),
(232,737,'A entidade deve registar incidentes de segurança após a ocorrência de vários eventos relacionados.','A entidade deve manter um documento de apoio que define o processo de gestão de eventos, a taxonomia de incidentes e das suas prioridades de tratamento.','A entidade deve manter um documento de apoio que define o processo de gestão de eventos, a taxonomia de incidentes e das suas prioridades de tratamento. Devem ser utilizadas ferramentas de correlação de eventos, definidos limites a serem considerados para a determinação de um incidente e definidos critérios de elevação ou decréscimo de eventos em uma escala.'),
(233,738,'A entidade deve realizar a monitorização de redes e sistemas de informação para detetar potenciais incidentes.','A entidade deve realizar a monitorização de redes e sistemas de informação para detetar potenciais incidentes, através de sistemas de monitorização e proteção da rede como WAF, IDS/IPS, entre outros.','A entidade deve realizar a monitorização de redes e sistemas de informação para detetar potenciais incidentes, através de sistemas de monitorização e proteção da rede como WAF, IDS/IPS, entre outros. Deve ser implementado um sistema de gestão e correlação de eventos e regras de acesso às infraestruturas e sistemas. A gestão de incidentes da entidade deve ser trabalhada por uma equipa dedicada.'),
(234,739,'A entidade deve monitorizar os acessos físicos, detetar incidentes de intrusão física e realizar auditorias de acessos físicos.','A entidade deve monitorizar os acessos físicos, detetar incidentes de intrusão física, através de alarmísticas e sistemas de CCTV, e realizar auditorias de acessos físicos. Devem estar estabelecidos controlos de gestão de acesso para segurança física.','A entidade deve monitorizar os acessos físicos, detetar incidentes de intrusão física, através de alarmísticas e sistemas de CCTV, e realizar auditorias de acessos físicos (nos controlos de acesso e na monitorização dos ambientes físicos). Devem estar estabelecidos controlos de gestão de acesso para segurança física.'),
(235,740,'A entidade deve manter registos de incidentes baseados no comportamento digital dos colaboradores.','A entidade deve manter registos de incidentes baseados no comportamento digital dos colaboradores, definidos por padrões e métricas que servem como referencial para a monitorização da atividade dos mesmos. Deve existir um sistema central de armazenamento e gestão de eventos e os registos de evento devem identificar o responsável.','A entidade deve manter registos de incidentes baseados no comportamento digital dos colaboradores, definidos por padrões e métricas que servem como referencial para a monitorização da atividade dos mesmos. Deve existir um sistema central de armazenamento e gestão de eventos, os registos de evento devem identificar o responsável, deve ser possível correlacionar eventos e gerar alertas preditivos ao antecipar incidentes através de análise de tendências.'),
(236,741,'A entidade deve implementar ferramentas de antivírus nas estações de trabalho e servidores.','A entidade deve manter políticas de antivírus e configurar os mesmos para fazer pesquisas periódicas e recorrentes.','A entidade deve manter políticas de antivírus e configurar os mesmos para fazer pesquisas periódicas e recorrentes. O sistema de antivírus deve estar integrado no sistema central de gestão de eventos de segurança, tal como o sistema de análise comportamental. Devem ser realizadas auditorias ao sistema de antivírus e análise forense a código malicioso.'),
(237,742,'A entidade deve manter um registo de incidentes de segurança, através da deteção de aplicações não autorizadas.','A entidade deve manter um registo de incidentes de segurança, através da deteção de aplicações não autorizadas e whitelists e/ou blacklists das aplicações e sistemas. Os colaboradores devem assinar um termo de responsabilidade sobre a utilização de equipamentos.','A entidade deve manter um registo de incidentes de segurança, através da deteção de aplicações não autorizadas, whitelists e/ou blacklists das aplicações e sistemas e os incidentes de segurança originados por deteção de aplicações não autorizadas devem ser automaticamente registados. Os colaboradores devem assinar um termo de responsabilidade sobre a utilização de equipamentos. A gestão de sistemas deve ser realizada de forma a ser capaz de monitorizar aplicações instaladas nos equipamentos. Deve ser instalado um sistema central de gestão de dispositivos móveis.'),
(238,743,'A entidade deve manter um registo de incidentes de segurança originados por prestadores de serviços externos.','A entidade deve manter um registo de incidentes de segurança originados por prestadores de serviços externos e políticas, normas e procedimentos que abordem a interação com prestadores de serviços externos. Deve ser adotado o uso de sistemas de deteção e prevenção de intrusões e um gestor de acessos para os prestadores de serviços externos.','A entidade deve manter um registo de incidentes de segurança originados por prestadores de serviços externos, detetados automaticamente, e políticas, normas e procedimentos que abordem a interação com prestadores de serviços externos. Deve ser adotado o uso de sistemas de deteção e prevenção de intrusões e um gestor de acessos para os prestadores de serviços externos, que deve ser auditado regularmente. Os incidentes devem ser integrados no sistema de correlação de eventos.'),
(239,744,'A entidade deve monitorizar e analisar os acessos não autorizados.','A entidade deve monitorizar e analisar os acessos não autorizados e esses eventos devem ser registados. Devem ser implementados sistemas de deteção e prevenção de intrusões.','A entidade deve monitorizar e analisar os acessos não autorizados e esses eventos devem ser registados, integrados no sistema de correlação de eventos e tratados. Devem ser implementados sistemas de deteção e prevenção de intrusões.'),
(240,745,'A entidade deve efetuar rastreamentos de vulnerabilidades.','A entidade deve efetuar rastreamentos de vulnerabilidades, estabelecendo um plano de análise de vulnerabilidades, implementando uma ferramenta de análise e mantendo registos de suporte à análise e avaliação das mesmas.','A entidade deve efetuar rastreamentos de vulnerabilidades, integrando a análise das mesmas com processos de testes e análises de segurança em sistemas e aplicações. A entidade também deve manter o registo de planos de ação para o tratamento das vulnerabilidades.'),
(241,746,'A entidade deve definir os papéis e responsabilidades na deteção de eventos anómalos.','A entidade deve definir os papéis e responsabilidades na deteção de eventos anómalos, mantendo registo desta definição e informando os colaboradores, através de sessões de consciencialização, sobre a deteção de eventos anómalos.','A entidade deve definir os papéis e responsabilidades na deteção de eventos anómalos, mantendo documentação de suporte ao estabelecimento de responsabilidades, e envolvendo os agentes externos comprometidos, na deteção de eventos anómalos.'),
(242,747,'A entidade deve adotar um processo de deteção de incidentes, embora de forma não sistematizada.','A entidade deve adotar processos de deteção, elaborando relatórios ou mantendo indicadores de utilização de sistema de correlação de eventos. Deve ser elaborada uma matriz RASIC dos envolvidos nas atividades de deteção.','A entidade deve estabelecer ações de validação dos controlos, mantendo registos de suporte a auditorias internas. A integridade dos dados coletados é garantida, utilizando soluções de hashing na assinatura de registos.'),
(243,748,'A entidade deve testar os processos de deteção, mantendo registos ocasionais de testes aos serviços de deteção.','A entidade deve testar os processos de deteção, definindo planos de teste para os processos e armazenando os resultados da análise aos processos de deteção.','A entidade deve testar os processos de deteção, definindo planos de teste para os processos e armazenando os resultados da análise aos processos de deteção, juntamente com a sua fiabilidade e aplicando metodologias de melhoria contínua.'),
(244,749,'A entidade deve comunicar os eventos de segurança internamente, mantendo relatórios ocasionais desta deteção.','A entidade comunica os eventos de segurança, num canal de comunicação interno e apropriado para o efeito, mantendo registos desta deteção.','A entidade comunica os eventos de segurança, num canal de comunicação interno e apropriado para o efeito, mantendo registos desta deteção, numa plataforma centralizada de resposta a incidentes.'),
(245,750,'A entidade deve melhorar os processos de deteção, de forma não sistematizada, atualizando os mesmos isoladamente.','A entidade deve melhorar os processos de deteção, recorrendo a mecanismos de medição e avaliação dos processos de deteção, e mantendo registo dos resultados quanto à eficiência dos mesmos.','A entidade deve melhorar continuamente os processos de deteção, utilizando os resultados da avaliação para informar o processo de melhoria e mantendo um registo de tratamento dos planos de ação de melhorias.'),
(246,751,'A entidade deve manter registos de execução de atividades relacionadas com a resposta a incidentes.','A entidade deve manter registos de execução de atividades relacionadas com a resposta a incidentes e documentos de suporte aos mesmos (políticas, procedimentos, padrões, entre outros).','A entidade deve manter registos de validação de integridade das evidências, bem como documentos contendo os critérios de escalonamento de incidentes.'),
(247,752,'A entidade deve assegurar que os colaboradores têm conhecimento sobre os seus papéis e a ordem de execução de atividades.','A entidade deve manter documentos de suporte à resposta a incidentes, registo das sessões de formação em segurança a incidentes, e estabelecer guiões de tratamento e resposta a incidentes.','A entidade deve assegurar que as partes externas têm papéis e responsabilidades atribuídas, mantendo um mapa atualizado das partes externas relevantes.'),
(248,753,'A entidade deve assegurar que os colaboradores têm conhecimento dos canais de reporte dos incidentes.','A entidade deve definir os canais de reporte de incidentes formalmente, bem como manter documentos de suporte na orientação de reporte de incidentes e o registo de divulgação dos critérios de reporte de incidentes.','A entidade deve definir uma plataforma de resposta a incidentes e manter o registo de reporte de incidentes, envolvendo as partes interessadas externas.'),
(249,754,'A entidade deve assegurar o registo das partes interessadas na comunicação de incidentes, sejam elas internas ou externas.','A entidade deve definir um plano de comunicação de incidentes e manter registos de formação e consciencialização sobre a partilha de informação no plano de resposta a incidentes.','A entidade deve definir um plano de comunicação de incidentes através de canais seguros, e garantir a comunicação com as partes externas interessadas.'),
(250,755,'A entidade deve comunicar às partes interessadas quando é acionado o plano de resposta.','A entidade deve identificar as partes interessadas externas e manter documentos de apoio ao plano de comunicação de incidentes com as mesmas.','A entidade deve identificar e definir as responsabilidades das partes interessadas, no âmbito da resposta a incidentes, efetuando uma avaliação da comunicação de incidentes.'),
(251,756,'A entidade deve partilhar voluntariamente informação com as partes interessadas externas.','A entidade deve manter um registo atualizado de parceiros, fornecedores e demais partes externas relevantes que são informadas voluntariamente.','A entidade estabelece um plano de comunicação coerente com as necessidades da organização, juntamente com documentos de apoio do plano de comunicação voluntária de incidentes.'),
(252,757,'A entidade deve assegurar registos das orientações para a ativação da gestão de incidentes, bem como o registo de notificações que são elevadas a incidentes.','A entidade deve assegurar registos das orientações para a ativação da gestão de incidentes, bem como evidências do tratamento dos eventos identificados como incidentes.','A entidade deve assegurar a implementação de uma plataforma de gestão e correlação de eventos.'),
(253,758,'A entidade deve entrevistar os colaboradores para avaliar o impacto de incidentes.','A entidade deve definir padrões para as categorias de incidentes e adotar uma taxonomia de impacto de incidentes.','A entidade deve manter registos da avaliação de riscos de incidentes, documentação de apoio ao processo de gestão e correlação de eventos, bem como métricas relativas a tempos de resposta, resolução, níveis de alertas e prioridades de incidentes.'),
(254,759,'A entidade deve realizar análises forenses, embora de forma rara e irregular.','A entidade deve formar os colaboradores sobre os procedimentos de análise forense e manter documentos de suporte aos processos de coleta de dados e garantia da cadeia de custódia.','A entidade deve adotar software de captura de dados para fins forenses, garantindo a sua integração com a gestão e correlação de eventos.'),
(255,760,'A entidade deve categorizar os incidentes de acordo com o plano de resposta.','A entidade deve manter documentação de apoio na taxonomia de categorização de incidentes, incluindo a categorização de incidentes nos planos de resposta.','A entidade deve manter documentação de suporte ao tratamento de incidentes, incluindo o registo formal das categorizações de incidentes.'),
(256,761,'A entidade deve manter um processo de submissão de vulnerabilidades, através de processos manuais.','A entidade deve registar as comunicações das vulnerabilidades recebidas. Deve também manter um documento de suporte ao processo de gestão de vulnerabilidades e adotar formas de se informar sobre vulnerabilidades estabelecidas e divulgadas. As vulnerabilidades devem seguir critérios de classificação e taxonomias adoptadas, para garantir um tratamento adequado.','A entidade mantém registos do controlo e acompanhamento das análises das vulnerabilidades identificadas, mantendo também documentos de suporte aos procedimentos de análise e avaliação de vulnerabilidades. Deve também adotar formas de se informar sobre vulnerabilidades estabelecidas e divulgadas. As vulnerabilidades devem seguir critérios de classificação e taxonomias adoptadas, para garantir um tratamento adequado.'),
(257,762,'A entidade deve conter os incidentes e manter registo de resposta no tratamento dos mesmos.','A entidade deve conter os incidentes e manter registo de resposta no tratamento dos mesmos, recorrendo a procedimentos de resposta e documentos de suporte previamente definidos. Devem ser definidas recomendações de tratamento de incidentes.','A entidade deve conter os incidentes e manter registo de resposta e da análise forense do tratamento dos mesmos, recorrendo a procedimentos de resposta e documentos de suporte previamente definidos. Devem ser definidas recomendações de tratamento de incidentes.'),
(258,763,'A entidade deve definir ações de contenção imediata de incidentes, como o bloqueio de contas e interrupção de acessos.','A entidade deve definir ações de contenção imediata de incidentes. Deve ser disponibilizada infraestrutura alternativa e a separação da rede em zonas protegidas por firewalls. A entidade deve manter documentos de suporte à mitigação de incidentes.','A entidade deve definir ações de contenção imediata de incidentes, removendo as ameaças da infraestrutura. Deve ser disponibilizada infraestrutura alternativa e a separação da rede em zonas protegidas por firewalls e a utilização ou melhoria dos sistemas de proteção. Adicionalmente, é mantido um repositório de incidentes anteriores com os respetivos planos de ação corretivos.'),
(259,764,'A entidade deve incorporar a decisão de análise das lições, embora seja feita caso a caso, pela gestão.','A entidade deve incorporar um processo de gestão de incidentes que inclui um procedimento específico para identificar e analisar as lições aprendidas.','A entidade deve incorporar um processo de gestão de incidentes que inclui um procedimento específico para identificar e analisar as lições aprendidas, mantendo documentos de suporte ao plano de resposta a incidentes, registos de reuniões e outras interações no contexto de melhoria contínua, e registo do tratamento de vulnerabilidades resultantes.'),
(260,765,'A entidade deve atualizar as estratégias de resposta a incidentes, embora de forma não sistematizada e com periodicidade anual.','A entidade deve atualizar as estratégias de resposta a incidentes, mantendo um registo de atualização de procedimentos para a resposta de incidentes, num determinado período de análise.','A entidade deve estabelecer processos de melhoria contínua dos planos de resposta a incidentes, mantendo registo dos testes de validação dos procedimentos de resposta a incidentes.'),
(261,767,'A entidade deve manter relatórios de execução de cópias de segurança e restauro.','A entidade deve manter registo documental dos procedimentos, políticas e padrões dedicados ao tema da recuperação de incidentes. Deve ser estabelecido um processo de gestão de cópias de segurança.','A entidade deve manter registo documental dos procedimentos, políticas e padrões dedicados ao tema da recuperação de incidentes. Deve ser estabelecido um processo de gestão de cópias de segurança e a equipa de resposta a incidentes deve estar constituída.'),
(262,768,'A entidade deve incorporar as lições aprendidas nos planos de recuperação.','A entidade deve incorporar as lições aprendidas nos planos de recuperação, devendo manter registos dos indicadores e resultados de avaliação das ações do plano de recuperação.','A entidade deve incorporar as lições aprendidas nos planos de recuperação, devendo manter registos dos indicadores e resultados de avaliação das ações do plano de recuperação, e atualizando o plano de recuperação com base nos resultados da avaliação.'),
(263,769,'A entidade deve rever as suas estratégias de recuperação, mantendo registos dos procedimentos ad-hoc de recuperação.','A entidade deve manter um registo de atualização dos procedimentos e das estratégias de recuperação, bem como um registo de formação das equipas internas ou externas envolvidas.','A entidade deve manter um registo de atualização dos procedimentos e das estratégias de recuperação principais e complementares (como a gestão de incidentes e gestão de vulnerabilidades), bem como um registo de formação das equipas internas ou externas envolvidas.'),
(264,770,'A entidade deve implementar um plano de comunicação e manter registos das comunicações efetuadas, mesmo que de forma pouco estruturada e dispersa, conforme as ocorrências.','A entidade deve manter um plano de comunicação com documentos de suporte associados, mantendo o registo de partes interessadas conforme o tema a comunicar.','A entidade deve manter um plano de comunicação e os registos das comunicações efetuadas, de forma proativa e através de ações de consciencialização, para as diversas audiências no âmbito.'),
(265,771,'As atividades de recuperação da entidade devem ser comunicadas às partes interessadas, mantendo registos das comunicações efetuadas.','As atividades de recuperação da entidade devem ser comunicadas às partes interessadas, recorrendo a um plano de comunicação com o detalhe do objetivo a ser comunicado e a identificação da audiência.','As atividades de recuperação da entidade devem ser comunicadas às partes interessadas, incluindo as equipas executivas e de gestão. Os processos de aprovação das comunicações devem ser definidos, e as comunicações feitas para cada audiência devem ser avaliadas.'),
(268,658,'A entidade deve manter identificados os fornecedores que suportam os processos críticos da organização.','A entidade deve manter um plano de resposta e recuperação que inclui os fornecedores e identifica as dependências críticas da organização nos mesmos.','A entidade deve manter um plano de resposta e recuperação que inclui os fornecedores e identifica as dependências críticas da organização nos mesmos. Os planos de resposta e recuperação devem ser testados, com o envolvimento dos fornecedores e os resultados dos testes devem ser validados e caso necessário devem ser alterados para melhorar a sua eficácia e eficiência.');
/*!40000 ALTER TABLE `recommendations` ENABLE KEYS */;
UNLOCK TABLES;

--
-- Table structure for table `responses`
--

DROP TABLE IF EXISTS `responses`;
/*!40101 SET @saved_cs_client     = @@character_set_client */;
/*!40101 SET character_set_client = utf8 */;
CREATE TABLE `responses` (
  `id` int(11) NOT NULL AUTO_INCREMENT,
  `user_id` int(11) NOT NULL,
  `question_id` int(11) NOT NULL,
  `answer` text NOT NULL,
  PRIMARY KEY (`id`),
  KEY `question_id` (`question_id`),
  KEY `responses_ibfk_1` (`user_id`),
  CONSTRAINT `responses_ibfk_1` FOREIGN KEY (`user_id`) REFERENCES `users` (`id`) ON DELETE CASCADE,
  CONSTRAINT `responses_ibfk_2` FOREIGN KEY (`question_id`) REFERENCES `questions` (`id`)
) ENGINE=InnoDB AUTO_INCREMENT=82 DEFAULT CHARSET=utf8mb4 COLLATE=utf8mb4_general_ci;
/*!40101 SET character_set_client = @saved_cs_client */;

--
-- Dumping data for table `responses`
--

LOCK TABLES `responses` WRITE;
/*!40000 ALTER TABLE `responses` DISABLE KEYS */;
INSERT INTO `responses` VALUES
(25,20,47,'Partially – we have some informal or ad-hoc risk assessment processes.'),
(26,21,47,'I do'),
(29,20,52,'Yes – we have a comprehensive, documented plan that is regularly communicated and updated.'),
(31,20,56,'Yes – we have a scheduled review process for our cybersecurity policies.'),
(32,20,57,'Use of intrusion detection/prevention systems (IDS/IPS) or network monitoring tools.'),
(33,20,54,'Yes – we have a comprehensive, documented plan covering continuity, disaster recovery, and crisis management.'),
(34,20,58,'Yes – we conduct regular tests of our backup and recovery processes.'),
(35,20,70,'No – there is no standard process for managing user accounts during onboarding or offboarding.'),
(36,20,59,'Yes – we conduct regular security assessments or audits of our critical vendors.'),
(37,20,60,'Yes – all key supplier contracts include clear cybersecurity clauses and requirements.'),
(38,20,61,'Yes – we regularly update our risk assessments for the supply chain, incorporating new threats and vendor performance reviews.'),
(39,20,62,'Following a Secure Development Life Cycle (SDLC) – incorporating security in system design from the start.'),
(40,20,63,'We conduct periodic reviews or audits of our security policies, procedures, and controls.'),
(41,20,73,'At least once a year or whenever significant changes occur.'),
(42,20,74,'No – there is little to no formal communication or training on these policies.'),
(43,20,300,'We have an informal process in place.'),
(44,20,301,'Yes, clear information is provided at the point of data collection.'),
(45,20,302,'No, consent is not properly recorded.'),
(46,20,306,'Yes, comprehensive procedures exist for data access, rectification, and erasure.'),
(47,20,307,'Mechanisms are in place but are limited in scope.'),
(48,20,308,'No, there is no defined process for providing such information.'),
(49,20,309,'Yes, we have a comprehensive incident response and breach notification plan.'),
(50,20,310,'Yes, breach notifications are clear and sent in a timely manner.'),
(51,20,311,'Training is provided, but not on a regular basis.'),
(52,20,345,'Yes, an automated system is in place'),
(53,20,346,'No, verification is delayed or absent'),
(54,20,347,'No, there is no predefined protocol'),
(55,20,348,'Yes, fully integrated'),
(56,20,349,'Yes, notifications are immediate'),
(57,20,350,'Yes, a clear escalation path exists'),
(58,20,351,'Yes, roles are clearly defined'),
(59,20,352,'No, there is no dedicated portal'),
(60,20,353,'No, external notifications are not reliably made'),
(61,20,354,'No, notifications are not reviewed'),
(62,20,355,'No, external notifications are handled ad hoc'),
(63,20,356,'Yes, templates are in place'),
(64,20,357,'Yes, formal reviews are conducted'),
(65,20,358,'Some lessons are applied'),
(66,20,359,'Yes, feedback is actively collected and acted upon'),
(67,20,360,'No, meetings are not regularly scheduled'),
(68,20,361,'Yes, a formal process exists'),
(69,20,362,'Yes, lessons are systematically documented and reviewed'),
(70,20,363,'No, there is no follow-up mechanism'),
(71,20,364,'Yes, regular audits are conducted'),
(72,20,365,'Intermediate'),
(73,20,366,'Advanced'),
(74,20,367,'Inter'),
(75,20,496,'Inter'),
(76,20,497,'Inter'),
(77,20,495,'Intermediate Level'),
(78,20,499,'Incorrect'),
(79,20,500,'Advanced'),
(80,20,501,'Add me correctly please'),
(81,20,634,'Sim, é inventariado manualmente e com alguma informação sobre os ativos (dispositivos físicos, redes, sistemas de informação), incluindo a identificação dos responsáveis.');
/*!40000 ALTER TABLE `responses` ENABLE KEYS */;
UNLOCK TABLES;

--
-- Table structure for table `surveys`
--

DROP TABLE IF EXISTS `surveys`;
/*!40101 SET @saved_cs_client     = @@character_set_client */;
/*!40101 SET character_set_client = utf8 */;
CREATE TABLE `surveys` (
  `id` int(11) NOT NULL AUTO_INCREMENT,
  `title` varchar(255) NOT NULL,
  `description` text DEFAULT NULL,
  `user_id` int(11) DEFAULT NULL,
  `created_at` timestamp NOT NULL DEFAULT current_timestamp(),
  `state` tinyint(4) NOT NULL DEFAULT 0,
  `leveled` tinyint(4) NOT NULL DEFAULT 0,
  `language` varchar(255) DEFAULT NULL,
  PRIMARY KEY (`id`),
  KEY `user_id` (`user_id`),
  CONSTRAINT `surveys_ibfk_1` FOREIGN KEY (`user_id`) REFERENCES `users` (`id`) ON DELETE SET NULL
) ENGINE=InnoDB AUTO_INCREMENT=117 DEFAULT CHARSET=utf8mb4 COLLATE=utf8mb4_general_ci;
/*!40101 SET character_set_client = @saved_cs_client */;

--
-- Dumping data for table `surveys`
--

LOCK TABLES `surveys` WRITE;
/*!40000 ALTER TABLE `surveys` DISABLE KEYS */;
INSERT INTO `surveys` VALUES
(14,'NIS2 Risk Management','A survey assessing your compliance with the European Union Directive 2022/2555 (NIS2) (Portugal Transposition)',NULL,'2025-02-24 18:21:06',1,0,NULL),
(100,'GDPR','A comprehensive survey designed to assess your organization’s adherence to GDPR standards, evaluating policies and procedures.',NULL,'2025-03-19 22:29:58',1,0,NULL),
(111,'NIS2 Incident Notification','This survey assesses your organization’s compliance with the NIS2 Directive’s incident notification',NULL,'2025-03-20 14:11:38',1,0,NULL),
(112,'Dummy Leveled','Im a sample survey for testing!',NULL,'2015-03-20 16:32:36',1,1,NULL),
(113,'QNRCS','Inquérito nívelado de conformidade para com o Quadro Nacional de Referência para a Cibersegurança',20,'2025-03-24 14:18:27',1,1,'pt'),
(115,'Dummy Unleveled','Im a sample survey for testing!',20,'2015-03-25 19:31:27',1,0,NULL),
(116,'Sample Survey','Im a sample survey for testing!',20,'2021-03-25 20:44:31',1,1,NULL);
/*!40000 ALTER TABLE `surveys` ENABLE KEYS */;
UNLOCK TABLES;

--
-- Table structure for table `users`
--

DROP TABLE IF EXISTS `users`;
/*!40101 SET @saved_cs_client     = @@character_set_client */;
/*!40101 SET character_set_client = utf8 */;
CREATE TABLE `users` (
  `id` int(11) NOT NULL AUTO_INCREMENT,
  `entity` varchar(255) DEFAULT NULL,
  `name` varchar(255) DEFAULT NULL,
  `surname` varchar(255) DEFAULT NULL,
  `email` varchar(255) DEFAULT NULL,
  `password` varchar(255) DEFAULT NULL,
  `country` varchar(100) DEFAULT NULL,
  `role` enum('user','admin') NOT NULL DEFAULT 'user',
  `created_at` timestamp NOT NULL DEFAULT current_timestamp(),
  PRIMARY KEY (`id`),
  UNIQUE KEY `email` (`email`)
) ENGINE=InnoDB AUTO_INCREMENT=22 DEFAULT CHARSET=utf8mb4 COLLATE=utf8mb4_general_ci;
/*!40101 SET character_set_client = @saved_cs_client */;

--
-- Dumping data for table `users`
--

LOCK TABLES `users` WRITE;
/*!40000 ALTER TABLE `users` DISABLE KEYS */;
INSERT INTO `users` VALUES
(20,'UBI','Diogo','Silva','dimatos.silva@gmail.com','$2y$10$gemJlDmS9GGYJo8OsXTp8.P/60U5Za2eld1rp.SRV99hNXso3W5sy','Portugal','admin','2025-03-17 12:29:33'),
(21,NULL,NULL,NULL,'joao.novais@ubi.pt','$2y$10$iyp9vVfMmNEl1Mr0E2Ovoexp3xZ9/sWBlov38ZtzcJos57ZmXjbwq',NULL,'user','2025-03-17 12:42:35');
/*!40000 ALTER TABLE `users` ENABLE KEYS */;
UNLOCK TABLES;
/*!40103 SET TIME_ZONE=@OLD_TIME_ZONE */;

/*!40101 SET SQL_MODE=@OLD_SQL_MODE */;
/*!40014 SET FOREIGN_KEY_CHECKS=@OLD_FOREIGN_KEY_CHECKS */;
/*!40014 SET UNIQUE_CHECKS=@OLD_UNIQUE_CHECKS */;
/*!40101 SET CHARACTER_SET_CLIENT=@OLD_CHARACTER_SET_CLIENT */;
/*!40101 SET CHARACTER_SET_RESULTS=@OLD_CHARACTER_SET_RESULTS */;
/*!40101 SET COLLATION_CONNECTION=@OLD_COLLATION_CONNECTION */;
/*!40111 SET SQL_NOTES=@OLD_SQL_NOTES */;

-- Dump completed on 2025-03-31 14:14:29
