/*M!999999\- enable the sandbox mode */ 
-- MariaDB dump 10.19  Distrib 10.11.10-MariaDB, for Linux (x86_64)
--
-- Host: localhost    Database: surveydb
-- ------------------------------------------------------
-- Server version	10.11.10-MariaDB

/*!40101 SET @OLD_CHARACTER_SET_CLIENT=@@CHARACTER_SET_CLIENT */;
/*!40101 SET @OLD_CHARACTER_SET_RESULTS=@@CHARACTER_SET_RESULTS */;
/*!40101 SET @OLD_COLLATION_CONNECTION=@@COLLATION_CONNECTION */;
/*!40101 SET NAMES utf8mb4 */;
/*!40103 SET @OLD_TIME_ZONE=@@TIME_ZONE */;
/*!40103 SET TIME_ZONE='+00:00' */;
/*!40014 SET @OLD_UNIQUE_CHECKS=@@UNIQUE_CHECKS, UNIQUE_CHECKS=0 */;
/*!40014 SET @OLD_FOREIGN_KEY_CHECKS=@@FOREIGN_KEY_CHECKS, FOREIGN_KEY_CHECKS=0 */;
/*!40101 SET @OLD_SQL_MODE=@@SQL_MODE, SQL_MODE='NO_AUTO_VALUE_ON_ZERO' */;
/*!40111 SET @OLD_SQL_NOTES=@@SQL_NOTES, SQL_NOTES=0 */;

--
-- Table structure for table `options`
--

DROP TABLE IF EXISTS `options`;
/*!40101 SET @saved_cs_client     = @@character_set_client */;
/*!40101 SET character_set_client = utf8 */;
CREATE TABLE `options` (
  `id` int(11) NOT NULL AUTO_INCREMENT,
  `question_id` int(11) NOT NULL,
  `option_text` text DEFAULT NULL,
  `level` int(11) DEFAULT 0,
  PRIMARY KEY (`id`),
  KEY `question_id` (`question_id`),
  CONSTRAINT `options_ibfk_1` FOREIGN KEY (`question_id`) REFERENCES `questions` (`id`) ON DELETE CASCADE
) ENGINE=InnoDB AUTO_INCREMENT=2282 DEFAULT CHARSET=utf8mb4 COLLATE=utf8mb4_general_ci;
/*!40101 SET character_set_client = @saved_cs_client */;

--
-- Dumping data for table `options`
--

LOCK TABLES `options` WRITE;
/*!40000 ALTER TABLE `options` DISABLE KEYS */;
INSERT INTO `options` VALUES
(48,47,'Yes – we have formal, management-approved policies and conduct regular risk assessments.',1),
(49,47,'Partially – we have some informal or ad-hoc risk assessment processes.',0),
(50,47,'No – we do not have any formal risk analysis or documented policies.',0),
(57,52,'Yes – we have a comprehensive, documented plan that is regularly communicated and updated.',1),
(58,52,'Partially – we have some guidelines in place, but they are not fully formalized or regularly reviewed.',0),
(59,52,'No – we do not have a formal incident response plan.',0),
(62,54,'Yes – we have a comprehensive, documented plan covering continuity, disaster recovery, and crisis management.',1),
(63,54,'Partially – we have some procedures, but they are not fully formalized or comprehensive.',0),
(64,54,'No – we do not have a formal business continuity or disaster recovery plan.',0),
(65,56,'Yes – we have a scheduled review process for our cybersecurity policies.',1),
(66,56,'Partially – reviews occur occasionally but not on a regular basis.',0),
(67,56,'No – once established, the policies are rarely updated.',0),
(68,57,'Use of intrusion detection/prevention systems (IDS/IPS) or network monitoring tools.',1),
(69,57,'Deployment of Security Information and Event Management (SIEM) systems for log correlation.',1),
(70,57,'Use of endpoint detection and response (EDR) solutions.',1),
(71,57,'None of the above.',0),
(72,58,'Yes – we conduct regular tests of our backup and recovery processes.',1),
(73,58,'Partially – tests are conducted sporadically or not on a fixed schedule.',0),
(74,58,'No – we do not perform regular testing of our backup and recovery procedures.',0),
(75,59,'Yes – we conduct regular security assessments or audits of our critical vendors.',1),
(76,59,'Partially – assessments are done occasionally or only for a few key suppliers.',0),
(77,59,'No – we do not have a formal process to evaluate supplier cybersecurity.',0),
(78,60,'Yes – all key supplier contracts include clear cybersecurity clauses and requirements.',1),
(79,60,'Partially – only some contracts include basic security requirements, but it is not consistent across all vendors.',0),
(80,60,'No – we do not typically include cybersecurity requirements in supplier contracts.',0),
(81,61,'Yes – we regularly update our risk assessments for the supply chain, incorporating new threats and vendor performance reviews.',1),
(82,61,'Partially – reviews occur, but not on a regular or systematic basis.',0),
(83,61,'No – once the initial assessment is done, we rarely review or update our supply chain risk evaluations.',0),
(84,62,'Following a Secure Development Life Cycle (SDLC) – incorporating security in system design from the start.',1),
(85,62,'Regularly applying software patches and updates to address vulnerabilities in a timely manner.',1),
(86,62,'Having a formal process for vulnerability management including identification, reporting, and remediation.',1),
(87,62,'None of the above.',0),
(88,63,'We conduct periodic reviews or audits of our security policies, procedures, and controls.',1),
(89,63,'We use defined metrics or Key Performance Indicators (KPIs) to measure our security performance.',1),
(90,63,'We conduct regular tests, such as security drills, penetration tests, or internal audits.',1),
(91,63,'None of the above.',0),
(92,64,'Yes – we regularly engage third-party audits or assessments.',1),
(93,64,'Partially – we occasionally use external assessments, but not consistently.',0),
(94,64,'No – we do not use external audits or assessments.',0),
(95,65,'Regular cybersecurity awareness training for all employees.',1),
(96,65,'Enforcing strong password policies with periodic changes.',1),
(97,65,'Deploying endpoint protection and monitoring solutions.',1),
(98,65,'None of the above.',0),
(99,66,'Yes – training is provided on a regular basis.',1),
(100,66,'Partially – training is provided, but not consistently across all employees.',0),
(101,66,'No – cybersecurity training is not regularly provided.',0),
(102,67,'Yes – we consistently encrypt sensitive data in transit (e.g., via VPNs, SSL/TLS) and at rest (e.g., disk or database encryption).',1),
(103,67,'Partially – we encrypt data in one context (either in transit or at rest) but not consistently in both.',0),
(104,67,'No – encryption is not consistently implemented for sensitive data.',0),
(105,68,'Yes – all critical internal communications and remote access channels are secured using encryption.',1),
(106,68,'Partially – some channels are encrypted, but not all critical communications are secured.',0),
(107,68,'No – encryption is not used to secure internal communications or remote access.',0),
(108,70,'Yes – we have a defined process that controls account creation, access adjustments, and timely revocation upon departure.',1),
(109,70,'Partially – some procedures exist, but they are informal or inconsistently applied.',0),
(110,70,'No – there is no standard process for managing user accounts during onboarding or offboarding.',0),
(111,71,'Yes – we enforce strict access control policies and maintain a regularly updated inventory.',1),
(112,71,'Partially – access controls or asset inventories exist but are not comprehensively enforced or maintained.',0),
(113,71,'No – we do not actively manage user access or maintain an updated asset inventory.',0),
(114,72,'Yes – MFA is enforced for all critical accounts and systems.',1),
(115,72,'Partially – MFA is used for some systems, but not universally applied to all critical accesses.',0),
(116,72,'No – users authenticate solely with a password (single factor).',0),
(117,73,'At least once a year or whenever significant changes occur.',1),
(118,73,'Only on an ad-hoc basis or after a security incident.',0),
(119,73,'Rarely or never.',0),
(120,74,'Yes – regular training sessions and updates are provided to all stakeholders.',1),
(121,74,'Partially – only some groups receive periodic training or updates.',0),
(122,74,'No – there is little to no formal communication or training on these policies.',0),
(123,75,'Regularly (e.g., quarterly or semi-annually).',1),
(124,75,'Only after a significant security incident.',0),
(125,75,'Rarely or never.',0),
(126,76,'Yes – we maintain detailed records that are regularly reviewed and updated.',1),
(127,76,'Partially – records exist but are not systematically maintained or reviewed.',0),
(128,76,'No – we do not maintain a comprehensive log.',0),
(129,77,'Annually or more frequently.',1),
(130,77,'Less than once a year.',0),
(131,77,'Only when a security incident occurs.',0),
(132,78,'Yes – we have formal assessments and feedback mechanisms in place.',0),
(133,78,'Partially – we collect some feedback, but lack a structured evaluation process.',0),
(134,78,'No – we do not evaluate the effectiveness of our training programs.',0),
(138,80,'At least quarterly or semi-annually.',1),
(139,80,'Annually only.',0),
(140,80,'Rarely or never.',0),
(141,81,'Yes – we conduct thorough background checks and specialized security training regularly.',0),
(142,81,'Partially – background checks or specialized training are conducted, but not both consistently.',0),
(143,81,'No – we do not have formal background checks or specialized training for sensitive roles.',0),
(144,82,'At least once a year or whenever significant changes occur.',1),
(145,82,'Only on an ad-hoc basis or after a security incident.',0),
(146,82,'Rarely or never.',0),
(147,83,'Yes – regular training sessions and updates are provided to all stakeholders.',0),
(148,83,'Partially – only some groups receive periodic training or updates.',0),
(149,83,'No – there is little to no formal communication or training on these policies.',0),
(150,84,'Regularly (e.g., annually or semi-annually).',1),
(151,84,'Occasionally or only after a major incident.',0),
(152,84,'Rarely or never.',0),
(153,85,'Yes – a dedicated team is in place with clearly defined roles and responsibilities.',1),
(154,85,'Partially – responsibilities are assigned on an ad hoc basis without a formal team structure.',0),
(155,85,'No – there is no dedicated crisis management team.',0),
(156,86,'Yes – regular, structured security testing is integrated into the development process.',1),
(157,86,'Partially – security testing is performed, but not consistently across all projects.',0),
(158,86,'No – security testing is rarely or never performed during development.',0),
(400,300,'Yes, we have a fully documented consent process.',1),
(401,300,'We have an informal process in place.',0),
(402,300,'No, we do not have a documented process.',0),
(403,301,'Yes, clear information is provided at the point of data collection.',1),
(404,301,'Information is provided inconsistently.',0),
(405,301,'No, data subjects are not provided with sufficient information.',0),
(406,302,'Yes, consent records are securely stored and maintained.',1),
(407,302,'Records are maintained but not securely.',0),
(408,302,'No, consent is not properly recorded.',0),
(409,303,'Yes, robust security measures including encryption are in place.',1),
(410,303,'Some measures are in place, but improvements are needed.',0),
(411,303,'No, adequate security measures are not implemented.',0),
(412,304,'Yes, access controls and authentication mechanisms are regularly reviewed.',1),
(413,304,'Reviews occur only occasionally.',0),
(414,304,'No, there is no regular review process.',0),
(415,305,'Yes, data processing strictly adheres to documented procedures.',1),
(416,305,'Processing is sometimes aligned with procedures, but inconsistently.',0),
(417,305,'No, there is no adherence to documented procedures.',0),
(418,306,'Yes, comprehensive procedures exist for data access, rectification, and erasure.',1),
(419,306,'Procedures exist but are not clearly communicated to data subjects.',0),
(420,306,'No, such procedures are not in place.',0),
(421,307,'Yes, mechanisms for data portability and objection are fully implemented.',1),
(422,307,'Mechanisms are in place but are limited in scope.',0),
(423,307,'No, there are no mechanisms for these rights.',0),
(424,308,'Yes, information about data processing is provided promptly upon request.',1),
(425,308,'Information is provided, but not in a timely manner.',0),
(426,308,'No, there is no defined process for providing such information.',0),
(427,309,'Yes, we have a comprehensive incident response and breach notification plan.',1),
(428,309,'A plan exists but does not meet the 72-hour notification requirement.',0),
(429,309,'No, we do not have a breach notification plan.',0),
(430,310,'Yes, breach notifications are clear and sent in a timely manner.',1),
(431,310,'Notifications are sent but lack clarity.',0),
(432,310,'No, breach notifications are inadequate.',0),
(433,311,'Yes, regular training and reviews are conducted.',1),
(434,311,'Training is provided, but not on a regular basis.',0),
(435,311,'No, there is no regular training on breach notification procedures.',0),
(500,310,'Yes, we use an automated system that sends immediate alerts.',1),
(501,310,'We have some automated processes, but they are not fully integrated.',0),
(502,310,'No, incident detection is entirely manual.',0),
(503,311,'Yes, a dedicated team verifies incidents within 15 minutes.',1),
(504,311,'Verification occurs, but not within the 15-minute window.',0),
(505,311,'No, incidents are not promptly verified by a dedicated team.',0),
(536,322,'Annually',1),
(537,322,'Bi-annually',0),
(538,322,'No fixed schedule',0),
(539,323,'Yes, on a regular basis',1),
(540,323,'Occasionally, but not systematically',0),
(541,323,'No, penetration testing is not conducted',0),
(542,324,'Yes, all requests are resolved within 30 days',1),
(543,324,'Most requests are resolved within the timeframe',0),
(544,324,'No, requests often exceed the mandated timeframe',0),
(545,325,'Yes, a dedicated team meets regularly',1),
(546,325,'There is a team, but meetings are infrequent',0),
(547,325,'No, there is no designated breach response team',0),
(548,327,'Yes, a comprehensive data retention policy exists.',1),
(549,327,'A policy exists but needs improvement.',0),
(550,327,'No, there is no formal data retention policy.',0),
(551,328,'Yes, regular reviews and deletions are performed.',1),
(552,328,'Review is performed inconsistently.',0),
(553,328,'No, personal data is retained indefinitely.',0),
(554,329,'Yes, all third-party contracts include clear data protection clauses.',1),
(555,329,'Contracts exist, but they are vague on data protection.',0),
(556,329,'No, there are no formal contracts regarding data protection.',0),
(557,330,'Yes, all international transfers comply with GDPR safeguards.',1),
(558,330,'Some transfers comply, but not consistently.',0),
(559,330,'No, transfers do not meet GDPR requirements.',0),
(597,345,'Yes, an automated system is in place',1),
(598,345,'Partially, but with delays',0),
(599,345,'No, detection is manual',0),
(600,346,'Yes, verified within 15 minutes',1),
(601,346,'Verification occurs but not within 15 minutes',0),
(602,346,'No, verification is delayed or absent',0),
(603,347,'Yes, a clear protocol exists',1),
(604,347,'There is an informal process',0),
(605,347,'No, there is no predefined protocol',0),
(606,348,'Yes, fully integrated',1),
(607,348,'Partially integrated',0),
(608,348,'No, not integrated',0),
(609,349,'Yes, notifications are immediate',1),
(610,349,'Notifications occur with some delay',0),
(611,349,'No, there is no established process',0),
(612,350,'Yes, a clear escalation path exists',1),
(613,350,'There is an escalation path, but it is not clearly defined',0),
(614,350,'No, there is no escalation process',0),
(615,351,'Yes, roles are clearly defined',1),
(616,351,'Roles exist but are not clearly communicated',0),
(617,351,'No, roles are unclear',0),
(618,352,'Yes, there is a dedicated portal',1),
(619,352,'A portal exists but with limited functionality',0),
(620,352,'No, there is no dedicated portal',0),
(621,353,'Yes, procedures are in place',1),
(622,353,'Procedures exist but sometimes exceed timelines',0),
(623,353,'No, external notifications are not reliably made',0),
(624,354,'Yes, all notifications are reviewed',1),
(625,354,'Review occurs, but inconsistently',0),
(626,354,'No, notifications are not reviewed',0),
(627,355,'Yes, a dedicated team is in place',1),
(628,355,'A team exists but shares responsibilities with others',0),
(629,355,'No, external notifications are handled ad hoc',0),
(630,356,'Yes, templates are in place',1),
(631,356,'Templates exist but are seldom used',0),
(632,356,'No, there are no pre-approved templates',0),
(633,357,'Yes, formal reviews are conducted',1),
(634,357,'Reviews are informal or inconsistent',0),
(635,357,'No, reviews are not conducted',0),
(636,358,'Yes, lessons learned are systematically applied',1),
(637,358,'Some lessons are applied',0),
(638,358,'No, lessons learned are not used',0),
(639,359,'Yes, feedback is actively collected and acted upon',1),
(640,359,'Feedback is collected but rarely acted upon',0),
(641,359,'No, stakeholder feedback is not collected',0),
(642,360,'Yes, meetings are scheduled promptly',1),
(643,360,'Meetings are scheduled but sometimes delayed',0),
(644,360,'No, meetings are not regularly scheduled',0),
(645,361,'Yes, a formal process exists',1),
(646,361,'A process exists but is inconsistently applied',0),
(647,361,'No, there is no formal process',0),
(648,362,'Yes, lessons are systematically documented and reviewed',1),
(649,362,'They are documented but not regularly reviewed',0),
(650,362,'No, documentation is ad hoc',0),
(651,363,'Yes, a formal follow-up mechanism is in place',1),
(652,363,'There is an informal process for follow-up',0),
(653,363,'No, there is no follow-up mechanism',0),
(654,364,'Yes, regular audits are conducted',1),
(655,364,'Audits are sporadic and informal',0),
(656,364,'No, audits are not conducted',0),
(657,365,'Advanced',3),
(658,366,'Advanced',3),
(659,366,'Inter',2),
(660,366,'Basic',1),
(661,367,'Advanced',3),
(662,367,'Inter',2),
(663,367,'Basic',1),
(1173,495,'Advanced Level',0),
(1174,495,'Intermediate Level',0),
(1175,495,'Basic Level',1),
(1176,365,'Intermediate',2),
(1177,365,'Basic',1),
(1178,366,'No',0),
(1179,367,'No',0),
(1180,496,'Advanced',3),
(1181,496,'Inter',2),
(1182,496,'Basic',1),
(1183,496,'No',0),
(1184,497,'Advanced',3),
(1185,497,'Inter',2),
(1186,497,'Basic',1),
(1187,497,'No',0),
(1192,499,'Correct',1),
(1193,499,'Incorrect',0),
(1194,500,'Advanced',3),
(1195,500,'Intermediate',2),
(1196,500,'Basic',1),
(1197,500,'No level',0),
(1198,501,'Add me correctly please',3),
(1199,501,'I did!',2),
(1200,501,'Did you?',1),
(1201,501,'Yeah',0),
(1722,632,'Sim, é inventariado sistematicamente, de forma completa e com monitorização recorrente.',3),
(1723,632,'Sim, é inventariado sistematicamente e com informação completa sobre os ativos.',2),
(1724,632,'Sim, é inventariado manualmente com informações limitadas.',1),
(1725,632,'Não.',0),
(1726,633,'Sim, são inventariados sistematicamente, de forma completa e com monitorização recorrente.',3),
(1727,633,'Sim, são inventariados sistematicamente e com informação completa sobre os ativos, incluindo os responsáveis.',2),
(1728,633,'Sim, são inventariados manualmente com informações limitadas.',1),
(1729,633,'Não.',0),
(1730,634,'Sim, é inventariado sistematicamente, de forma completa e com monitorização recorrente.',3),
(1731,634,'Sim, é inventariado sistematicamente e com informação completa sobre os ativos, incluindo os responsáveis.',2),
(1732,634,'Sim, é inventariado manualmente e com alguma informação sobre os ativos (dispositivos físicos, redes, sistemas de informação), incluindo a identificação dos responsáveis.',1),
(1733,634,'Não.',0),
(1734,635,'Sim, são inventariados sistematicamente, de forma completa e com monitorização recorrente.',3),
(1735,635,'Sim, são inventariados sistematicamente e com informação completa sobre os ativos, incluindo os responsáveis.',2),
(1736,635,'Sim, são inventariados manualmente e com alguma informação sobre os ativos (software e aplicações/plataformas informáticas), incluindo a identificação dos responsáveis.',1),
(1737,635,'Não.',0),
(1738,636,'Sim, estão completamente identificados, inventariados e são mantidos com ferramentas automáticas, com revisão periódica.',3),
(1739,636,'Sim, estão identificados de forma completa e inventariados.',2),
(1740,636,'Sim, mas apenas existe uma identificação, que pode ser parcial.',1),
(1741,636,'Não.',0),
(1742,637,'Sim, estão identificados de forma completa, com registo georreferenciado, monitorizados, geridos remotamente e vistoriados periodicamente.',3),
(1743,637,'Sim, estão identificados de forma completa, com registo georreferenciado e monitorizado por equipas dedicadas.',2),
(1744,637,'Sim, mas são identificados manualmente e de forma possivelmente incompleta.',1),
(1745,637,'Não.',0),
(1746,638,'Sim, consoante a sua criticidade são aplicados diferentes controlos de segurança, com avaliações periódicas dos critérios e controlos de classificação.',3),
(1747,638,'Sim, existem métodos de classificação dos ativos de acordo com a sua criticidade e valor intrínseco, definidos pelos responsáveis.',2),
(1748,638,'Sim, mas de forma manual e possivelmente incompleta, com identificação parcial dos responsáveis.',1),
(1749,638,'Não.',0),
(1750,639,'Sim, os fornecedores estão identificados, com contratos revistos periodicamente e controlos de segurança validados, incluindo auditorias na cadeia crítica.',3),
(1751,639,'Sim, os fornecedores estão identificados e existem contratos e políticas para a relação com fornecedores.',2),
(1752,639,'Sim, os fornecedores estão identificados.',1),
(1753,639,'Não.',0),
(1754,640,'Sim, a missão, objetivos e partes interessadas estão identificadas numa política de segurança, com revisão regular e ações de sensibilização.',3),
(1755,640,'Sim, a missão, objetivos e partes interessadas estão definidas, com análise SWOT e conhecimento amplo das partes interessadas.',2),
(1756,640,'Sim, a missão e objetivos estão definidos, e as partes interessadas são identificadas, mas com menor detalhamento.',1),
(1757,640,'Não.',0),
(1758,641,'Sim, a política de segurança engloba estes fatores, é divulgada e revista periodicamente, com o plano de negócios atualizado e ações de sensibilização.',3),
(1759,641,'Sim, a política de segurança inclui estes fatores e é de conhecimento de todas as partes interessadas.',2),
(1760,641,'Sim, estes fatores estão definidos num plano de negócio ou equivalente, com identificação das partes interessadas.',1),
(1761,641,'Não.',0),
(1762,642,'Sim, os ativos críticos são identificados e geridos dinamicamente em ferramenta informática, com manutenções preventivas, redundância e estratégias de recuperação.',3),
(1763,642,'Sim, os ativos críticos são identificados em ferramenta informática, com monitorização das capacidades produtivas.',2),
(1764,642,'Sim, mas os ativos críticos são identificados de forma ad hoc.',1),
(1765,642,'Não.',0),
(1766,643,'Sim, existe um Plano de Continuidade do Negócio robusto, com contratos de manutenção, procedimentos de recuperação, auditorias regulares e um hot site de contingência.',3),
(1767,643,'Sim, existe um Plano de Continuidade testado com estratégias de recuperação e contratos de manutenção.',2),
(1768,643,'Sim, existe documentação atualizada manualmente com requisitos mínimos e identificação de fornecedores críticos.',1),
(1769,643,'Não.',0),
(1770,644,'Sim, existe uma política estabelecida, integrada com outras políticas de segurança, mantida num sistema de gestão eletrónica e revista anualmente.',3),
(1771,644,'Sim, existe uma política estabelecida e os colaboradores participam em ações de sensibilização.',2),
(1772,644,'Sim, existe uma política estabelecida e divulgada internamente.',1),
(1773,644,'Não.',0),
(1774,645,'Sim, as leis e regulamentações são implementadas com equipa dedicada, revisão regular e auditorias internas.',3),
(1775,645,'Sim, as leis são incorporadas nas políticas e a Política de Gestão da Privacidade dos Dados Pessoais está publicada.',2),
(1776,645,'Sim, mas o conhecimento das leis é informal entre os colaboradores.',1),
(1777,645,'Não.',0),
(1778,646,'Sim, existe um processo formal de revisão e análise das vulnerabilidades com identificação automática e correlação para reduzir riscos.',3),
(1779,646,'Sim, as vulnerabilidades são identificadas e tipificadas, com monitorização e equipa dedicada.',2),
(1780,646,'Sim, as vulnerabilidades são identificadas, mas sem um processo formal ou equipa dedicada.',1),
(1781,646,'Não.',0),
(1782,647,'Sim, através de canais sistematizados com controlos, métricas e revisões periódicas.',3),
(1783,647,'Sim, através de canais com responsáveis e procedimentos delineados.',2),
(1784,647,'Sim, mas de forma informal.',1),
(1785,647,'Não.',0),
(1786,648,'Sim, existe um processo de gestão de riscos com critérios definidos, com resultados e estratégias revistos regularmente.',3),
(1787,648,'Sim, existe um mapa de ameaças para cada tipo de ativo, com indicação de tratamento.',2),
(1788,648,'Sim, existe apenas uma lista genérica de ameaças, sem mapeamento formal.',1),
(1789,648,'Não.',0),
(1790,649,'Sim, existem procedimentos detalhados e sistemas específicos para análise de riscos.',3),
(1791,649,'Sim, as ameaças são categorizadas segundo a probabilidade e impacto, avaliando a relevância dos ativos.',2),
(1792,649,'Sim, existe uma metodologia de gestão do risco estabelecida.',1),
(1793,649,'Não.',0),
(1794,650,'Sim, a metodologia define estratégias de tratamento com riscos categorizados numa escala de importância e revisão periódica.',3),
(1795,650,'Sim, a metodologia estabelece estratégias de tratamento dos riscos identificados.',2),
(1796,650,'Sim, mas os riscos são tratados de forma manual.',1),
(1797,650,'Não.',0),
(1798,651,'Sim, existe um processo de gestão de risco com cultura de risco em vários níveis, suportado por sistema dedicado e registo histórico.',3),
(1799,651,'Sim, existem estratégias definidas e responsáveis pela gestão de riscos.',2),
(1800,651,'Sim, mas a gestão de risco não é consistente em toda a organização.',1),
(1801,651,'Não.',0),
(1802,652,'Sim, as estratégias de tolerância ao risco estão definidas com processos estruturados e revisados periodicamente.',3),
(1803,652,'Sim, as estratégias estão definidas com processos estruturados.',2),
(1804,652,'Sim, mas a tolerância ao risco é definida de forma arbitrária.',1),
(1805,652,'Não.',0),
(1806,653,'Sim, a estratégia de resposta aos riscos dos ativos críticos existe, está documentada e segue boas práticas setoriais.',3),
(1807,653,'Sim, a estratégia existe e está documentada.',2),
(1808,653,'Sim, mas de forma ad hoc e não sistematizada.',1),
(1809,653,'Não.',0),
(1810,654,'Sim, os fornecedores e parceiros são categorizados segundo o risco, e os controlos dos fornecedores críticos são avaliados regularmente.',3),
(1811,654,'Sim, a cadeia logística está identificada e a gestão de riscos é aplicada.',2),
(1812,654,'Sim, a cadeia logística está identificada.',1),
(1813,654,'Não.',0),
(1814,655,'Sim, os fornecedores são identificados, classificados e os controlos específicos estão evidenciados na Política de Gestão de Fornecedores.',3),
(1815,655,'Sim, os fornecedores são identificados e classificados quanto à criticidade, com controlos específicos.',2),
(1816,655,'Sim, os fornecedores são identificados.',1),
(1817,655,'Não.',0),
(1818,656,'Sim, o tema da segurança da informação é incluído nos contratos e a política define controlos avaliados regularmente.',3),
(1819,656,'Sim, os contratos incluem cláusulas de segurança e a política define controlos.',2),
(1820,656,'Sim, mas os contratos apenas mencionam a necessidade de identificar riscos.',1),
(1821,656,'Não.',0),
(1822,657,'Sim, as políticas preveem avaliação periódica com planos de auditoria e ações de melhoria.',3),
(1823,657,'Sim, as políticas preveem avaliação periódica com métricas para auxiliar a avaliação.',2),
(1824,657,'Sim, mas a avaliação é feita de forma não sistematizada.',1),
(1825,657,'Não.',0),
(1826,658,'Sim, os planos de resposta e recuperação contemplam a cadeia de fornecedores, com participação ativa na validação.',3),
(1827,658,'Sim, os planos contemplam a cadeia de fornecedores.',2),
(1828,658,'Sim, mas apenas os fornecedores críticos são identificados.',1),
(1829,658,'Não.',0),
(1978,696,'Sim, existem políticas de gestão de identidades e acessos, onde os acessos são limitados conforme os perfis funcionais e revistos em intervalos regulares. Existe uma base única de identidades e regras de acessos.',3),
(1979,696,'Sim, existem políticas de gestão de identidades e acessos, as etapas dos ciclos de acessos são bem definidas e existe uma base única de identidades e regras de acessos.',2),
(1980,696,'Sim, mas a associação de acessos é feita baseada nos acessos atribuídos no passado.',1),
(1981,696,'Não.',0),
(1982,697,'Sim, existem controlos de acesso físico integrados num sistema transversal de gestão de identidades e acessos, avaliados regularmente, com monitorização de acessos externos.',3),
(1983,697,'Sim, existem controlos de acesso físico, e os acessos são integrados com um sistema transversal de gestão de identidades e acessos.',2),
(1984,697,'Sim, existem controlos que restringem os acessos físicos às zonas a proteger, com registos para identificação individual.',1),
(1985,697,'Não.',0),
(1986,698,'Sim, existem políticas internas com bloqueios contra acessos não autorizados, autenticação federada e multi-fator, controlados de forma centralizada com revisão regular.',3),
(1987,698,'Sim, existem políticas internas que tratam da gestão de acessos remotos de forma centralizada com soluções como VPN e criptografia adequada.',2),
(1988,698,'Sim, mas não são controlados nem monitorizados.',1),
(1989,698,'Não.',0),
(1990,699,'Sim, os acessos são concedidos conforme o princípio do menor privilégio, com monitorização pormenorizada e revisão regular de acessos privilegiados.',3),
(1991,699,'Sim, os acessos são concedidos conforme o perfil funcional, com critérios de restrição para acessos elevados.',2),
(1992,699,'Sim, os acessos são individuais, embora concedidos copiando os acessos anteriores de colaboradores com perfis similares.',1),
(1993,699,'Não.',0),
(1994,700,'Sim, as redes internas têm topologia definida, regras de acesso documentadas e são submetidas a testes e revisões constantes, com monitorização contínua.',3),
(1995,700,'Sim, as redes têm topologia definida e regras documentadas, com alterações devidamente registadas.',2),
(1996,700,'Sim, as redes são segregadas conforme a finalidade, usando routers, firewalls e outras tecnologias.',1),
(1997,700,'Não.',0),
(1998,701,'Sim, os colaboradores têm as suas credenciais e identidades registadas e vinculadas a políticas, com processos de validação e revisão periódica, incluindo verificação de antecedentes.',3),
(1999,701,'Sim, os colaboradores têm as credenciais e identidades registadas e vinculadas, com procedimentos documentados.',2),
(2000,701,'Sim, os colaboradores têm as credenciais e identidades registadas e vinculadas.',1),
(2001,701,'Não.',0),
(2002,702,'Sim, existe um sistema de gestão de identidades abrangente com autenticação integrada e reforçada por pontos de validação únicos.',3),
(2003,702,'Sim, existe um sistema de gestão de identidades que utiliza grupos funcionais e uma política de acessos definida.',2),
(2004,702,'Sim, os mecanismos de autenticação foram definidos de acordo com os sistemas.',1),
(2005,702,'Não.',0),
(2006,703,'Sim, existem ações periódicas de formação e consciencialização com resultados medidos para otimização contínua.',3),
(2007,703,'Sim, existem ações de formação e consciencialização registadas em planos e procedimentos específicos.',2),
(2008,703,'Sim, os colaboradores têm alguma consciência sobre segurança da informação.',1),
(2009,703,'Não.',0),
(2010,704,'Sim, existem procedimentos formais para aceitação de condições especiais, com formação periódica e atualização de responsabilidades.',3),
(2011,704,'Sim, os utilizadores têm formação específica e procedimentos para aceitação de condições especiais.',2),
(2012,704,'Sim, estes utilizadores são notificados das suas responsabilidades, mesmo que de forma informal.',1),
(2013,704,'Não.',0),
(2014,705,'Sim, clientes, parceiros e fornecedores têm o dever de cumprir os requisitos de segurança e são integrados num processo de melhoria contínua.',3),
(2015,705,'Sim, existem requisitos de segurança com formação e sensibilização para as partes interessadas.',2),
(2016,705,'Sim, existem requisitos mínimos de segurança na cadeia de clientes e fornecedores.',1),
(2017,705,'Não.',0),
(2018,706,'Sim, a gestão de topo está envolvida e consciente dos temas de segurança da informação.',3),
(2019,706,'Sim, os papéis e responsabilidades da gestão de topo estão formalmente estabelecidos.',2),
(2020,706,'Sim, mas de forma informal.',1),
(2021,706,'Não.',0),
(2022,707,'Sim, existem regras de proteção de ficheiros, documentos e dados com classificação adequada, gerindo dados offline conforme a sensibilidade.',3),
(2023,707,'Sim, existem regras de proteção e a classificação da informação é definida conforme sua sensibilidade.',2),
(2024,707,'Sim, existem regras para proteger a confidencialidade, integridade e disponibilidade dos dados.',1),
(2025,707,'Não.',0),
(2026,708,'Sim, são adotadas medidas de cifra dedicadas conforme a classificação da informação, com controlos compensatórios para situações adversas.',3),
(2027,708,'Sim, as políticas de proteção de dados em circulação são formalmente registadas com soluções criptográficas específicas.',2),
(2028,708,'Sim, existe uma perceção de riscos e são adotados controlos genéricos para dados em circulação.',1),
(2029,708,'Não.',0),
(2030,709,'Sim, existe registo formal dos movimentos dos dados em armazenamento físico, com políticas e procedimentos abrangendo o ciclo de vida da informação e destruição de dispositivos.',3),
(2031,709,'Sim, existe registo formal com políticas e procedimentos para o ciclo de vida da informação.',2),
(2032,709,'Sim, mas o registo é apenas informal e a proteção dos dispositivos não é sistematizada.',1),
(2033,709,'Não.',0),
(2034,710,'Sim, a disponibilidade é garantida com indicadores pré-estabelecidos que permitem ações previsíveis.',3),
(2035,710,'Sim, as capacidades dos sistemas são monitorizadas continuamente.',2),
(2036,710,'Sim, mas não existem métricas ou processos formais para garantir a disponibilidade.',1),
(2037,710,'Não.',0),
(2038,711,'Sim, existem controlos de proteção que mitiguem o risco de exfiltração, com processos preventivos e revisões regulares.',3),
(2039,711,'Sim, existem controlos de proteção baseados na avaliação de risco.',2),
(2040,711,'Sim, existem procedimentos formalizados de salvaguarda contra exfiltração.',1),
(2041,711,'Não.',0),
(2042,712,'Sim, existe uma avaliação transversal e regular da integridade dos sistemas, firmware, dados e bibliotecas de terceiros.',3),
(2043,712,'Sim, existem ações que avaliam a integridade dos sistemas e bibliotecas de terceiros.',2),
(2044,712,'Sim, existe uma verificação manual ou não sistematizada da integridade.',1),
(2045,712,'Não.',0),
(2046,713,'Sim, estão implementadas zonas distintas para desenvolvimento com proteção dos dados de teste assegurada e produção acompanhada.',3),
(2047,713,'Sim, estão estabelecidas zonas distintas para desenvolvimento e produção, com normativos internos para desenvolvimento seguro.',2),
(2048,713,'Sim, mas são segregadas manualmente ou de forma não sistematizada.',1),
(2049,713,'Não.',0),
(2050,714,'Sim, a integridade do hardware é gerida com manutenção preventiva e preditiva.',3),
(2051,714,'Sim, a integridade do hardware é gerida.',2),
(2052,714,'Sim, mas apenas manualmente e de forma não sistematizada.',1),
(2053,714,'Não.',0),
(2054,715,'Sim, existem regras de configuração base definidas para cada tipo ou finalidade, monitorizadas e atualizadas continuamente.',3),
(2055,715,'Sim, existem regras de configuração base definidas para cada tipo ou finalidade.',2),
(2056,715,'Sim, mas a configuração é feita de forma informal e não sistematizada.',1),
(2057,715,'Não.',0),
(2058,716,'Sim, existem controlos dinâmicos de segurança no ciclo de desenvolvimento com testes, validação e gestão do código via CI/CD.',3),
(2059,716,'Sim, existe uma definição exaustiva dos requisitos de segurança para desenvolvimento e regras internas para desenvolvimento seguro.',2),
(2060,716,'Sim, está definido um conjunto rudimentar de requisitos mínimos para os projetos.',1),
(2061,716,'Não.',0),
(2062,717,'Sim, existem regras internas para gestão de alterações com mecanismos para acompanhar e aprovar mudanças, revistos periodicamente.',3),
(2063,717,'Sim, existem regras internas para gestão de alterações e processos de avaliação e aprovação definidos.',2),
(2064,717,'Sim, existe um processo informal para gestão de alterações.',1),
(2065,717,'Não.',0),
(2066,718,'Sim, existem regras e procedimentos internos que garantem a confidencialidade, integridade e disponibilidade das cópias, com verificações regulares.',3),
(2067,718,'Sim, existem regras específicas para a realização de cópias e a integridade é verificada de forma independente.',2),
(2068,718,'Sim, são realizadas cópias de segurança de sistemas e ficheiros.',1),
(2069,718,'Não.',0),
(2070,719,'Sim, as infraestruturas estão protegidas, monitorizadas e contam com fonte alternativa de eletricidade testada regularmente.',3),
(2071,719,'Sim, as infraestruturas estão protegidas e monitorizadas contra alterações elétricas e ambientais.',2),
(2072,719,'Sim, mas a proteção é feita de forma não sistematizada.',1),
(2073,719,'Não.',0),
(2074,720,'Sim, a informação sensível é destruída de forma apropriada, com procedimentos documentados e avaliados periodicamente.',3),
(2075,720,'Sim, a informação sensível é destruída apropriadamente e os procedimentos estão documentados.',2),
(2076,720,'Sim, mas os dados são destruídos de forma ad hoc.',1),
(2077,720,'Não.',0),
(2078,721,'Sim, existem procedimentos e controlos de monitorização e melhoria contínua, com auditorias internas recorrentes.',3),
(2079,721,'Sim, existem procedimentos e controlos avaliados periodicamente.',2),
(2080,721,'Sim, mas de forma não sistematizada.',1),
(2081,721,'Não.',0),
(2082,722,'Sim, existem processos formalmente definidos para resposta a incidentes e continuidade de negócio, avaliados regularmente.',3),
(2083,722,'Sim, existem processos formalmente definidos para resposta a incidentes e continuidade de negócio.',2),
(2084,722,'Sim, mas os planos são atualizados de forma ad hoc.',1),
(2085,722,'Não.',0),
(2086,723,'Sim, os planos de continuidade são testados pela sua eficácia num ambiente realista.',3),
(2087,723,'Sim, os planos são registados e testados através de exercícios sistematizados.',2),
(2088,723,'Sim, mas de forma não sistematizada.',1),
(2089,723,'Não.',0),
(2090,724,'Sim, existem perfis técnicos e competências definidas para contratações, com ações disciplinares estabelecidas em normas internas.',3),
(2091,724,'Sim, existem regras para seleção, recrutamento e contratação, assim como para a cessação de colaboradores.',2),
(2092,724,'Sim, o registo dos colaboradores é realizado.',1),
(2093,724,'Não.',0),
(2094,725,'Sim, as vulnerabilidades são identificadas de forma regular e sistemática, com processos formais de tratamento e planos de ação.',3),
(2095,725,'Sim, as vulnerabilidades são identificadas com equipas de tratamento adequadas, de forma regular e sistemática.',2),
(2096,725,'Sim, a pesquisa de vulnerabilidades é executada em intervalos regulares.',1),
(2097,725,'Não.',0),
(2098,726,'Sim, os processos de manutenção são realizados por pessoas externas com fluxo de trabalho automatizado e manutenção preventiva definida.',3),
(2099,726,'Sim, os processos são realizados formalmente por colaboradores qualificados.',2),
(2100,726,'Sim, mas as atividades são realizadas de forma informal e o registo não é controlado.',1),
(2101,726,'Não.',0),
(2102,727,'Sim, os controlos de manutenção remota estão automatizados com métricas e o acesso é desativado após intervenção.',3),
(2103,727,'Sim, as manutenções remotas são realizadas conforme aprovação e com meios seguros.',2),
(2104,727,'Sim, mas sem um processo formal de aprovação.',1),
(2105,727,'Não.',0),
(2106,728,'Sim, existem critérios formais para auditoria de sistemas, geridos centralmente, garantindo a integridade dos registos.',3),
(2107,728,'Sim, existem critérios formais geridos de forma sistémica com formatos definidos.',2),
(2108,728,'Sim, mas os registos são ocasionais e sem gestão formal.',1),
(2109,728,'Não.',0),
(2110,729,'Sim, a utilização de dispositivos amovíveis é bloqueada, com higienização garantida no momento da destruição.',3),
(2111,729,'Sim, existem regras de uso e boas práticas, com ações de sensibilização e mecanismos técnicos implementados.',2),
(2112,729,'Sim, mas a proteção é implementada de forma básica e ad hoc.',1),
(2113,729,'Não.',0),
(2114,730,'Sim, os requisitos mínimos são revistos periodicamente e os acessos são ajustados às necessidades mínimas.',3),
(2115,730,'Sim, os acessos concedidos são os mínimos necessários e funcionalidades mínimas estão definidas.',2),
(2116,730,'Sim, os sistemas são configurados manualmente com os recursos necessários.',1),
(2117,730,'Não.',0),
(2118,731,'Sim, as zonas de redes são segmentadas conforme a finalidade e utilizam soluções de filtro de fluxo com revisões periódicas.',3),
(2119,731,'Sim, as zonas são segmentadas conforme a finalidade e utilizam soluções de filtro de fluxo.',2),
(2120,731,'Sim, mas são segregadas de forma não sistematizada e a encriptação é aplicada de forma ad hoc.',1),
(2121,731,'Não.',0),
(2122,732,'Sim, a resiliência das infraestruturas é gerida para garantir que eventos inesperados não causam disrupções.',3),
(2123,732,'Sim, os sistemas críticos são resilientes e protegidos contra sobrecargas.',2),
(2124,732,'Sim, em sistemas e redes de comunicações, mas de forma não sistematizada.',1),
(2125,732,'Não.',0),
(2126,733,'Sim, existem modelos de referência para equipamentos e fluxos de dados que são revistos frequentemente, com alterações detectadas e tratadas sistematicamente.',3),
(2127,733,'Sim, existem modelos de referência para equipamentos e fluxos de dados e as alterações são identificadas e tratadas.',2),
(2128,733,'Sim, mas apenas existe uma lista dos equipamentos utilizados para os controlos de segurança.',1),
(2129,733,'Não.',0),
(2130,734,'Sim, os eventos são analisados por sistemas centralizados para identificar alvos e métodos de ataque de forma sistemática.',3),
(2131,734,'Sim, os eventos são analisados e os métodos de ataque são identificados com auxílio de ferramentas especializadas.',2),
(2132,734,'Sim, mas a análise é realizada de forma manual, sem processo formal.',1),
(2133,734,'Não.',0),
(2134,735,'Sim, os eventos são coletados de múltiplas fontes e correlacionados por um sistema central que integra dados internos e externos.',3),
(2135,735,'Sim, os eventos são coletados de várias fontes e correlacionados por ferramentas especializadas.',2),
(2136,735,'Sim, mas a correlação é realizada de forma ad hoc.',1),
(2137,735,'Não.',0),
(2138,736,'Sim, existe um processo formal que classifica o impacto dos eventos com base em critérios definidos e métricas de risco.',3),
(2139,736,'Sim, o impacto é classificado de acordo com critérios estabelecidos, permitindo priorização das respostas.',2),
(2140,736,'Sim, mas a classificação é feita de forma informal.',1),
(2141,736,'Não.',0),
(2142,737,'Sim, os limites de alerta são definidos formalmente e monitorizados para acionar a resposta a incidentes conforme o risco.',3),
(2143,737,'Sim, os limites de alerta são estabelecidos e utilizados para a avaliação dos incidentes.',2),
(2144,737,'Sim, mas os alertas são definidos de forma genérica, sem limites formais.',1),
(2145,737,'Não.',0),
(2146,738,'Sim, as redes e sistemas são monitorizados continuamente por sistemas automáticos com análise de anomalias.',3),
(2147,738,'Sim, as redes e sistemas são monitorizados com ferramentas especializadas.',2),
(2148,738,'Sim, mas a monitorização é feita de forma manual ou esporádica.',1),
(2149,738,'Não.',0),
(2150,739,'Sim, o ambiente físico é monitorizado com registos de auditoria e alarmes para acessos não autorizados.',3),
(2151,739,'Sim, o ambiente físico é monitorizado e os registos são analisados periodicamente.',2),
(2152,739,'Sim, mas a monitorização é realizada de forma informal.',1),
(2153,739,'Não.',0),
(2154,740,'Sim, a atividade dos colaboradores é monitorizada com base em padrões e métricas, permitindo antecipar incidentes.',3),
(2155,740,'Sim, a atividade é monitorizada e os dados são analisados para detectar anomalias.',2),
(2156,740,'Sim, mas a monitorização é realizada de forma manual.',1),
(2157,740,'Não.',0),
(2158,741,'Sim, existem sistemas antivírus configurados com verificações periódicas e procedimentos para resposta a ameaças.',3),
(2159,741,'Sim, existem ferramentas antivírus instaladas e verificações regulares são realizadas.',2),
(2160,741,'Sim, mas a detecção é limitada a alguns dispositivos.',1),
(2161,741,'Não.',0),
(2162,742,'Sim, a gestão dos dispositivos móveis é centralizada e o uso de aplicações não autorizadas é monitorizado automaticamente.',3),
(2163,742,'Sim, existem regras que definem aplicações permitidas e a conformidade é verificada periodicamente.',2),
(2164,742,'Sim, mas a deteção é realizada de forma manual.',1),
(2165,742,'Não.',0),
(2166,743,'Sim, os pedidos de acesso remoto de prestadores são identificados e avaliados com regras formais.',3),
(2167,743,'Sim, os pedidos de acesso são monitorizados e avaliados conforme critérios estabelecidos.',2),
(2168,743,'Sim, mas a avaliação é realizada manualmente.',1),
(2169,743,'Não.',0),
(2170,744,'Sim, os acessos são monitorizados e os dados são centralizados para análise de anomalias, acionando respostas formais.',3),
(2171,744,'Sim, os acessos são monitorizados e analisados com ferramentas especializadas.',2),
(2172,744,'Sim, mas a monitorização é realizada de forma manual.',1),
(2173,744,'Não.',0),
(2174,745,'Sim, as vulnerabilidades são rastreadas de forma integrada e analisadas sistematicamente.',3),
(2175,745,'Sim, os rastreamentos são realizados regularmente com ferramentas especializadas.',2),
(2176,745,'Sim, mas de forma pontual.',1),
(2177,745,'Não.',0),
(2178,746,'Sim, os papéis e responsabilidades são formalmente definidos e comunicados aos envolvidos.',3),
(2179,746,'Sim, os responsáveis são identificados e há diretrizes claras para a deteção de eventos.',2),
(2180,746,'Sim, mas a definição é feita de forma informal.',1),
(2181,746,'Não.',0),
(2182,747,'Sim, os incidentes são detetados a partir dos eventos registados, com responsáveis definidos e integridade dos dados garantida.',3),
(2183,747,'Sim, os incidentes são detetados e os responsáveis são identificados.',2),
(2184,747,'Sim, mas não seguem um processo definido.',1),
(2185,747,'Não existem atividades de deteção.',0),
(2186,748,'Sim, os processos são testados de forma sistemática e os resultados são medidos regularmente.',3),
(2187,748,'Sim, os processos são testados e medidos regularmente.',2),
(2188,748,'Sim, mas a testagem é feita de forma ad hoc.',1),
(2189,748,'Não.',0),
(2190,749,'Sim, existe um canal de comunicação formal para reportar e partilhar informações sobre eventos detetados.',3),
(2191,749,'Sim, as informações são comunicadas de forma estruturada.',2),
(2192,749,'Sim, mas a comunicação é realizada informalmente.',1),
(2193,749,'Não.',0),
(2194,750,'Sim, os processos são revisados e melhorados continuamente com base em análises de desempenho e feedback.',3),
(2195,750,'Sim, existem mecanismos de avaliação e melhoria dos processos de deteção.',2),
(2196,750,'Sim, mas a melhoria é feita de forma não sistematizada.',1),
(2197,750,'Não.',0),
(2198,751,'Sim, os processos de resposta a incidentes são sistematizados, com integridade das evidências garantida e resposta conforme escalonamento.',3),
(2199,751,'Sim, os processos são sistematizados e incluem contenção, erradicação, identificação e escalonamento.',2),
(2200,751,'Sim, mas de forma ad hoc e reativa.',1),
(2201,751,'Não.',0),
(2202,752,'Sim, os colaboradores têm conhecimento formal dos procedimentos, com guiões e envolvimento de partes externas relevantes.',3),
(2203,752,'Sim, os colaboradores conhecem os procedimentos e guiões de resposta a incidentes.',2),
(2204,752,'Sim, mas esse conhecimento é apenas informal.',1),
(2205,752,'Não.',0),
(2206,753,'Sim, a capacidade de reporte é garantida de forma integrada, com critérios formais e envolvimento das partes interessadas externas.',3),
(2207,753,'Sim, a capacidade de reporte é garantida e os critérios estão definidos.',2),
(2208,753,'Sim, mas o reporte é realizado de forma informal.',1),
(2209,753,'Não.',0),
(2210,754,'Sim, a comunicação é feita através de canais seguros, e todos os envolvidos, inclusive externos, são informados.',3),
(2211,754,'Sim, a comunicação é feita e conhecida por todos os envolvidos.',2),
(2212,754,'Sim, mas a identificação das partes para a comunicação é informal.',1),
(2213,754,'Não.',0),
(2214,755,'Sim, existe coordenação formal com partes externas, com níveis de responsabilidade definidos.',3),
(2215,755,'Sim, a coordenação com partes externas ocorre de forma regular.',2),
(2216,755,'Sim, mas ocorre apenas ocasionalmente.',1),
(2217,755,'Não.',0),
(2218,756,'Sim, as partes externas são identificadas e a partilha ocorre de forma estruturada através de um plano de comunicação.',3),
(2219,756,'Sim, as partes externas são identificadas e a partilha ocorre.',2),
(2220,756,'Sim, mas de forma informal.',1),
(2221,756,'Não.',0),
(2222,757,'Sim, existe um registo formal de notificações e um plano de resposta com práticas de acompanhamento estabelecidas.',3),
(2223,757,'Sim, o registo e o plano de resposta estão definidos formalmente.',2),
(2224,757,'Sim, mas a ativação da gestão de incidentes é apenas orientada informalmente.',1),
(2225,757,'Não.',0),
(2226,758,'Sim, o risco dos incidentes é formalmente avaliado com métricas relativas à resposta e tratamento.',3),
(2227,758,'Sim, os incidentes são categorizados conforme o impacto percebido.',2),
(2228,758,'Sim, mas a avaliação é realizada de forma informal.',1),
(2229,758,'Não.',0),
(2230,759,'Sim, existem procedimentos formais de identificação, coleta e aquisição de registos, garantindo a integridade das evidências.',3),
(2231,759,'Sim, existem procedimentos para coletar os dados no seu formato original.',2),
(2232,759,'Sim, mas as análises forenses são realizadas raramente e de forma irregular.',1),
(2233,759,'Não.',0),
(2234,760,'Sim, há uma taxonomia estabelecida com metodologias de tratamento para cada tipo de incidente.',3),
(2235,760,'Sim, há uma taxonomia para categorizar os incidentes.',2),
(2236,760,'Sim, mas a categorização é informal e pouco estruturada.',1),
(2237,760,'Não.',0),
(2238,761,'Sim, as vulnerabilidades são analisadas de forma sistemática com registos de controlo e acompanhamento formal.',3),
(2239,761,'Sim, existem múltiplos mecanismos para receber e tratar vulnerabilidades.',2),
(2240,761,'Sim, mas a submissão é realizada de forma ad hoc.',1),
(2241,761,'Não.',0),
(2242,762,'Sim, existem processos formais que contêm os incidentes e as suas causas são analisadas e avaliadas.',3),
(2243,762,'Sim, existem processos formais de resposta a incidentes.',2),
(2244,762,'Sim, mas a contenção é realizada de forma não sistematizada.',1),
(2245,762,'Não.',0),
(2246,763,'Sim, os incidentes são erradicados e uma análise de melhoria contínua é realizada.',3),
(2247,763,'Sim, existem práticas definidas para reduzir o impacto dos incidentes, documentadas formalmente.',2),
(2248,763,'Sim, mas a mitigação é realizada de forma reativa e não estruturada.',1),
(2249,763,'Não.',0),
(2250,764,'Sim, existe um processo formal de análise de risco e gestão de vulnerabilidades com aceitação formal de riscos quando aplicável.',3),
(2251,764,'Sim, as vulnerabilidades são mitigadas conforme critérios definidos.',2),
(2252,764,'Sim, mas o tratamento é realizado de forma não estruturada.',1),
(2253,764,'Não.',0),
(2254,765,'Sim, o processo de gestão de incidentes inclui identificação e análise formal das lições aprendidas para melhoria contínua.',3),
(2255,765,'Sim, existe um procedimento específico para identificar e analisar as lições aprendidas.',2),
(2256,765,'Sim, mas a análise das lições é realizada de forma caso a caso.',1),
(2257,765,'Não.',0),
(2258,766,'Sim, existem processos de melhoria contínua dos planos de resposta avaliados periodicamente.',3),
(2259,766,'Sim, os procedimentos são atualizados periodicamente, sem limitação tecnológica.',2),
(2260,766,'Sim, mas a atualização ocorre de forma ad hoc, apenas anualmente.',1),
(2261,766,'Não.',0),
(2262,767,'Sim, são implementadas ações preditivas com regras e procedimentos para recuperação e equipas dedicadas (e.g., CSIRT).',3),
(2263,767,'Sim, estão estabelecidos regras e procedimentos para recuperação juntamente com um processo de gestão de cópias de segurança.',2),
(2264,767,'Sim, mas apenas são realizadas cópias de segurança e restauro de forma ad hoc e não sistemática.',1),
(2265,767,'Não.',0),
(2266,768,'Sim, oportunidades de melhoria são identificadas e os planos são atualizados com essas melhorias.',3),
(2267,768,'Sim, as métricas dos planos de recuperação são avaliadas e as fragilidades dos planos anteriores são identificadas.',2),
(2268,768,'Sim, mas a decisão de analisar as lições aprendidas é feita caso a caso pela gestão.',1),
(2269,768,'Não.',0),
(2270,769,'Sim, existem procedimentos formais de revisão periódica das estratégias, documentação e processos de recuperação, por parte da gestão de topo.',3),
(2271,769,'Sim, existem procedimentos de revisão e atualização da documentação e dos processos de recuperação, com formação para as equipas internas e externas.',2),
(2272,769,'Sim, mas os procedimentos são realizados de forma ad hoc e com discussões esporádicas.',1),
(2273,769,'Não.',0),
(2274,770,'Sim, existe um plano de comunicação sobre eventos de segurança com partes interessadas identificadas e ações de consciencialização proativas.',3),
(2275,770,'Sim, existe um plano de comunicação sobre eventos de segurança e as partes interessadas relevantes estão identificadas.',2),
(2276,770,'Sim, mas a comunicação é realizada de forma reativa, pouco estruturada e dispersa.',1),
(2277,770,'Não.',0),
(2278,771,'Sim, existe uma estratégia de comunicação especialmente para as equipas executivas e de gestão, com processos de aprovação formalmente definidos.',3),
(2279,771,'Sim, existe um plano de comunicação com identificação das partes interessadas e um plano para cada objetivo.',2),
(2280,771,'Sim, mas a comunicação é reativa e não estruturada.',1),
(2281,771,'Não.',0);
/*!40000 ALTER TABLE `options` ENABLE KEYS */;
UNLOCK TABLES;

--
-- Table structure for table `question_groups`
--

DROP TABLE IF EXISTS `question_groups`;
/*!40101 SET @saved_cs_client     = @@character_set_client */;
/*!40101 SET character_set_client = utf8 */;
CREATE TABLE `question_groups` (
  `id` int(11) NOT NULL AUTO_INCREMENT,
  `survey_id` int(11) NOT NULL,
  `title` varchar(255) NOT NULL,
  `recommendation` text DEFAULT NULL,
  `page` int(11) NOT NULL DEFAULT 0,
  PRIMARY KEY (`id`),
  KEY `survey_id` (`survey_id`),
  CONSTRAINT `question_groups_ibfk_1` FOREIGN KEY (`survey_id`) REFERENCES `surveys` (`id`) ON DELETE CASCADE
) ENGINE=InnoDB AUTO_INCREMENT=1015 DEFAULT CHARSET=utf8mb4 COLLATE=utf8mb4_general_ci;
/*!40101 SET character_set_client = @saved_cs_client */;

--
-- Dumping data for table `question_groups`
--

LOCK TABLES `question_groups` WRITE;
/*!40000 ALTER TABLE `question_groups` DISABLE KEYS */;
INSERT INTO `question_groups` VALUES
(9,14,'Understanding NIS2','',0),
(91,14,'Risk Analysis & Policy Framework','A robust framework for risk analysis and policy formulation is vital. It should be established through formal documentation, regular reviews, and effective communication to ensure that cybersecurity risks are systematically identified and addressed.',5),
(96,14,'Incident Handling & Response','Establish a comprehensive cybersecurity policy framework that includes formalized risk analysis procedures, scheduled reviews, and structured communication with all relevant stakeholders. This approach is fundamental for effective risk management and for ensuring alignment with NIS2 regulatory requirements.\r\n',1),
(97,14,'Business Continuity & Crisis Management','It is recommended to establish a robust business continuity and disaster recovery plan that specifically addresses cyber incidents. Regular testing of backup and restoration procedures is essential to ensure swift recovery and maintain operational resilience.\r\n',2),
(98,14,'Supply Chain Security','A robust process for supply chain security should be established, incorporating systematic assessments of key suppliers, clear cybersecurity requirements in all contracts, and periodic reviews of risk evaluations to address emerging threats.\r\n',3),
(100,14,'Secure System Acquisition, Development & Maintenance','A robust approach to secure system acquisition, development, and maintenance should be established. Security must be integrated throughout the system lifecycle, including secure development practices, prompt patch management, and a formal vulnerability management process to mitigate risks and satisfy NIS2 requirements.\r\n',4),
(101,14,'Assessing Effectiveness of Security Measures','A structured approach to evaluating the effectiveness of cybersecurity measures is essential. This should include periodic reviews, the use of defined metrics, and engagement with external audits or assessments. Continuous improvement through documented testing and follow-up actions ensures that security controls remain effective against evolving threats.\r\n',6),
(102,14,'Basic Cyber Hygiene & Training','Establish a comprehensive basic cyber hygiene and training program that incorporates regular cybersecurity awareness sessions, the enforcement of strong password policies, and robust endpoint protection. This approach is essential for mitigating common cyber threats and maintaining a secure operational environment.\r\n',7),
(103,14,'Use of Cryptography & Encryption','Ensure that sensitive data is protected through encryption both in transit and at rest. Implementing strong cryptographic measures for communications and data storage is essential to safeguard against unauthorized access and comply with NIS2 requirements.',9),
(104,14,'Human Resources Security & Access Control ','A formal framework for managing user access and identities should be established. This includes implementing structured onboarding and offboarding procedures, enforcing least-privilege access policies, maintaining an updated asset and account inventory, and requiring multi-factor authentication for critical systems. Such measures are essential to enhance security and mitigate unauthorized access.',8),
(200,100,'Data Collection and Consent','It is imperative that your organization implements a thoroughly documented and transparent data collection process. This should include robust mechanisms for obtaining explicit, informed consent from data subjects, ensuring they fully understand the purposes and scope of data collection. Such an approach not only reinforces legal compliance with GDPR but also builds trust with stakeholders.',1),
(201,100,'Data Security and Processing','Implement comprehensive and robust technical and organizational security measures. All data processing activities should be carried out with the utmost attention to data integrity and confidentiality. Regular reviews of access controls and authentication protocols must be performed to prevent unauthorized access and mitigate risks, ensuring alignment with GDPR standards.',2),
(202,100,'Data Subject Rights','Establish clear, accessible, and efficient procedures that enable data subjects to exercise their rights. Your organization must ensure that mechanisms for accessing, rectifying, and erasing personal data are not only fully compliant with GDPR but are also user-friendly and timely, thereby enhancing transparency and maintaining trust.',3),
(203,100,'Breach Notification and Accountability','Develop and maintain a detailed incident response plan that encompasses prompt breach notifications, comprehensive training, and regular reviews. This plan should ensure accountability and continuous improvement in your data protection practices, thereby fully satisfying GDPR breach notification requirements.',4),
(214,100,'Data Retention and Minimization','Ensure that data is retained only for as long as necessary and minimized to what is required.',5),
(215,100,'Third-Party Processing and International Transfers','Review your data sharing practices with third parties and ensure international transfers comply with GDPR.',6),
(217,100,'Understanding GDPR','',0),
(221,111,'Understanding the survey','',0),
(222,111,'Initial Incident Detection and Notification','Implement automated detection and predefined protocols to ensure rapid incident identification and immediate alerting of relevant teams.',1),
(223,111,'Internal Communication and Escalation','Establish clear internal communication channels and escalation paths to mobilize response teams without delay.',2),
(224,111,'External Communication and Stakeholder Notification','Ensure that external notifications (to regulators, clients, and partners) are clear, timely, and legally compliant.',3),
(225,111,'Post Incident Review and Improvement','Conduct formal reviews and gather stakeholder feedback to continuously improve incident communication protocols.',4),
(226,111,'Post Incident Analysis and Recovery','A structured process for post-incident analysis is crucial to identify root causes and implement corrective actions, leading to continuous improvement in incident response and recovery procedures.',5),
(227,112,'Chosing Level','',1),
(228,112,'Leveled Group','This page demonstrates the type of questions you will encounter in our surveys. Please answer these sample questions to get a feel for our approach.',2),
(229,113,'Level of Compliance','',1),
(1007,115,'Question group','',1),
(1008,116,'Choose the level','',1),
(1009,116,'Im a sample question group','',2),
(1010,113,'Identificar','',2),
(1011,113,'Proteger','',3),
(1012,113,'Detetar','',4),
(1013,113,'Responder','',5),
(1014,113,'Recuperar','',6);
/*!40000 ALTER TABLE `question_groups` ENABLE KEYS */;
UNLOCK TABLES;

--
-- Table structure for table `questions`
--

DROP TABLE IF EXISTS `questions`;
/*!40101 SET @saved_cs_client     = @@character_set_client */;
/*!40101 SET character_set_client = utf8 */;
CREATE TABLE `questions` (
  `id` int(11) NOT NULL AUTO_INCREMENT,
  `group_id` int(11) NOT NULL,
  `text` text NOT NULL,
  PRIMARY KEY (`id`),
  KEY `group_id` (`group_id`),
  CONSTRAINT `questions_ibfk_1` FOREIGN KEY (`group_id`) REFERENCES `question_groups` (`id`) ON DELETE CASCADE
) ENGINE=InnoDB AUTO_INCREMENT=772 DEFAULT CHARSET=utf8mb4 COLLATE=utf8mb4_general_ci;
/*!40101 SET character_set_client = @saved_cs_client */;

--
-- Dumping data for table `questions`
--

LOCK TABLES `questions` WRITE;
/*!40000 ALTER TABLE `questions` DISABLE KEYS */;
INSERT INTO `questions` VALUES
(10,9,'<p>This survey assesses your organization&rsquo;s compliance with the <strong>NIS2</strong> Directive&rsquo;s risk management requirements.</p>\r\n<p>This survey is organized into <strong>nine sections</strong> (pages) covering key risk management areas under the NIS2 Directive. Each page presents multiple-choice question(s) related to that topic. If any answer is incorrect (indicating non-compliance), a Recommendation is provided to guide you on improving compliance. This recommendation will be available in the dashboard section.&nbsp;</p>\r\n<p>&nbsp;</p>\r\n<p>The survey is designed for large organizations but is also applicable to SMEs and public sector entities.</p>\r\n<p>&nbsp;</p>\r\n<p><strong><em data-end=\"844\" data-start=\"676\">(NIS2 requires measures appropriate to the entity&rsquo;s size, risk exposure, and impact, so answer according to your context.)</em></strong></p>'),
(47,91,'<p>Do you have <strong>formal</strong>, <strong>documented</strong> policies for cybersecurity risk analysis?</p>'),
(52,96,'<p>Do you have a documented incident response plan that defines roles, responsibilities, and procedures for handling cybersecurity incidents?</p>'),
(54,97,'<p>Does your organization have a formal business continuity and disaster recovery plan that includes strategies for cyber incidents?</p>'),
(56,91,'<p>Are these policies <strong>regularly</strong> reviewed and updated to address evolving threats?</p>'),
(57,96,'<p>Which of the following measures has your organization implemented to detect and respond to security incidents? (Select one that applies)</p>'),
(58,97,'<p>Are your backup and recovery procedures regularly tested to ensure data and system restoration in case of an incident?</p>'),
(59,98,'<p>Do you evaluate the cybersecurity posture of your key suppliers and service providers?</p>'),
(60,98,'<p>Are cybersecurity requirements (e.g., compliance with specific security standards, incident reporting obligations) included in contracts with your suppliers?</p>'),
(61,98,'<p>Do you periodically review and update your supply chain risk assessments to address emerging threats?&nbsp;</p>'),
(62,100,'<p>Which secure development and maintenance practices has your organization adopted for its networks and information systems? (Select one that applies)</p>'),
(63,101,'<p>How do you evaluate the effectiveness of your cybersecurity risk management measures? (Select all that apply)</p>'),
(64,101,'<p>Do you engage external audits or third-party assessments to validate the effectiveness of your cybersecurity measures?</p>'),
(65,102,'<p>Which of the following basic cyber hygiene practices are implemented in your organization? (Select all that apply)</p>'),
(66,102,'<p>Do you provide regular cybersecurity training to all employees?</p>'),
(67,103,'<p>Do you implement encryption to protect sensitive data both in transit and at rest?</p>'),
(68,103,'<p>Are internal communications and remote access channels secured using encryption (e.g., secure email, VPNs, encrypted messaging)?</p>'),
(70,104,'<p>Do you have formal onboarding and offboarding procedures to manage user accounts, ensuring that access rights are granted and revoked appropriately?</p>'),
(71,104,'<p>Does your organization enforce access control policies (such as least-privilege access) and maintain an updated inventory of assets and user accounts?</p>'),
(72,104,'<p>Is Multi-Factor Authentication (MFA) required for access to critical systems and sensitive data?</p>'),
(73,91,'<p>How frequently does your organization conduct formal cybersecurity risk assessments?</p>'),
(74,91,'<p>Are all relevant stakeholders (e.g., IT, management, and end-users) adequately <strong>informed</strong> and <strong>trained</strong> on the cybersecurity risk policies?</p>'),
(75,101,'<p>How frequently are your security metrics and controls reviewed and updated?</p>'),
(76,101,'<p>Do you maintain a comprehensive, documented log of all security assessments, test results, and follow-up actions?</p>'),
(77,102,'<p>How often is cybersecurity awareness training provided to employees?</p>'),
(78,102,'<p>Do you have a formal evaluation process to measure the effectiveness of your cybersecurity training programs?</p>'),
(80,103,'<p>How frequently are user access rights and privileges reviewed to ensure they adhere to the principle of least privilege?</p>'),
(81,103,'<p>Do you conduct periodic background checks and provide specialized security training for employees in sensitive or privileged roles?</p>'),
(82,96,'<p>How frequently does your organization conduct formal cybersecurity risk assessments?</p>'),
(83,96,'<p>Are all relevant stakeholders (e.g., IT, management, and end-users) adequately informed and trained on the cybersecurity risk policies?</p>'),
(84,97,'<p>How frequently are your business continuity and disaster recovery plans tested?</p>'),
(85,97,'<p>Is there a dedicated crisis management team with clearly defined roles and responsibilities to handle cybersecurity incidents that affect business continuity?</p>'),
(86,100,'<p>Do you conduct regular security testing&mdash;such as code reviews, penetration tests, or static code analysis&mdash;during the system development process?</p>'),
(300,200,'<p>Does your organization have a documented process for obtaining explicit consent for data collection?</p>'),
(301,200,'<p>Are data subjects provided with clear and comprehensive information about the purpose and scope of data collection at the time of consent?</p>'),
(302,200,'<p>Is consent recorded and stored securely for future reference and audit purposes?</p>'),
(303,201,'Do you have technical and organizational measures in place to ensure the integrity and confidentiality of personal data during processing?'),
(304,201,'Are access controls and authentication mechanisms regularly reviewed and updated to prevent unauthorized access?'),
(305,201,'Is personal data processed only for legitimate purposes in accordance with documented procedures?'),
(306,202,'Does your organization have procedures that allow data subjects to access, rectify, or erase their personal data upon request?'),
(307,202,'Are there mechanisms in place to facilitate data portability and allow data subjects to object to certain processing activities?'),
(308,202,'Is there a process to provide data subjects with information about data processing activities in a timely manner?'),
(309,203,'Does your organization have an incident response plan that includes procedures for notifying supervisory authorities within 72 hours of a data breach?'),
(310,203,'Are breach notifications communicated to affected data subjects in a clear and timely manner?'),
(311,203,'Is there regular training and review of breach notification procedures for relevant staff?'),
(322,200,'How often is the consent mechanism reviewed to incorporate changes in legal requirements?'),
(323,201,'Do you conduct regular penetration testing to evaluate the effectiveness of your security measures?'),
(324,202,'Are data subject requests resolved within the legally mandated timeframe?'),
(325,203,'Is there a designated breach response team that meets periodically to review and update incident response protocols?'),
(327,214,'Do you have a documented data retention policy that defines the retention period for different categories of personal data?'),
(328,214,'Is personal data regularly reviewed and deleted when no longer necessary for the purpose it was collected?'),
(329,215,'Do you have contracts in place with third parties that clearly define data protection obligations?'),
(330,215,'Are international transfers of personal data conducted in compliance with GDPR requirements, such as using standard contractual clauses or approved mechanisms?'),
(331,217,'<p data-start=\"0\" data-end=\"116\">This survey assesses your organization&rsquo;s compliance with the <strong>General Data Protection Regulation (GDPR)</strong> requirements.</p>\r\n<p data-start=\"0\" data-end=\"116\">&nbsp;</p>\r\n<p data-start=\"118\" data-end=\"477\">This survey is organized into multiple sections (pages) covering key data protection areas under GDPR. Each page presents multiple-choice question(s) related to that topic. If any answer is incorrect (indicating non-compliance), a Recommendation is provided to guide you on improving compliance. This recommendation will be available in the <strong>dashboard section</strong>.</p>\r\n<p data-start=\"118\" data-end=\"477\">&nbsp;</p>\r\n<p data-start=\"479\" data-end=\"584\">The survey is designed for large organizations but is also applicable to SMEs and public sector entities.</p>\r\n<p data-start=\"479\" data-end=\"584\">&nbsp;</p>\r\n<p data-start=\"586\" data-end=\"730\" data-is-last-node=\"\" data-is-only-node=\"\">(GDPR requires measures appropriate to the entity&rsquo;s data processing operations, risk exposure, and impact, so answer according to your context.)</p>'),
(344,221,'<p>This survey assesses your organization&rsquo;s compliance with the <strong>NIS2</strong> Incident Notification requirements.</p>\r\n<p>This survey is organized into <strong>five sections</strong> (pages) covering key risk management areas under the NIS2 Directive. Each page presents multiple-choice question(s) related to that topic. If any answer is incorrect (indicating non-compliance), a Recommendation is provided to guide you on improving compliance. This recommendation will be available in the dashboard section.&nbsp;</p>\r\n<p>&nbsp;</p>\r\n<p>The survey is designed for large organizations but is also applicable to SMEs and public sector entities.</p>\r\n<p>&nbsp;</p>\r\n<p><strong><em data-end=\"844\" data-start=\"676\">(NIS2 requires measures appropriate to the entity&rsquo;s size, risk exposure, and impact, so answer according to your context.)</em></strong></p>'),
(345,222,'Do you have an automated incident detection system that triggers immediate alerts when unusual activity is detected?'),
(346,222,'Are incidents verified by a dedicated incident response team within the first 15 minutes of detection?'),
(347,222,'Is there a predefined protocol for initiating incident notifications to the relevant teams once an incident is detected?'),
(348,222,'Are automated alert systems integrated with your incident management platform to facilitate immediate action?'),
(349,223,'Are internal stakeholders immediately notified through an established communication channel when an incident is detected?'),
(350,223,'Is there a clear escalation path for incidents that require senior management involvement?'),
(351,223,'Are roles and responsibilities clearly defined for each team member involved in incident response?'),
(352,223,'Is there a dedicated internal incident management portal to centralize communication among stakeholders?'),
(353,224,'Do you have procedures to notify external stakeholders (e.g., regulators, clients, partners) within the required regulatory timelines?'),
(354,224,'Are external notifications reviewed for clarity, consistency, and legal compliance before they are sent?'),
(355,224,'Is there a dedicated communication team responsible for handling external incident notifications?'),
(356,224,'Do you have pre-approved templates for external communication to ensure consistency during incident notifications?'),
(357,225,'Do you conduct a formal post-incident review to assess the effectiveness of your notification and communication processes?'),
(358,225,'Are lessons learned from past incidents used to update and improve your incident notification protocols?'),
(359,225,'Is feedback from both internal and external stakeholders on the incident communication process systematically collected and acted upon?'),
(360,225,'Are incident review meetings scheduled immediately after major incidents to capture lessons learned?'),
(361,226,'Does your organization have a formal process for post-incident analysis to identify root causes and implement corrective actions?'),
(362,226,'Are lessons learned from each incident formally documented and reviewed to update incident response and recovery plans?'),
(363,226,'Is there a follow-up mechanism to ensure that corrective actions identified during post-incident reviews are implemented effectively?'),
(364,226,'Does your organization conduct periodic audits of post-incident recovery processes to assess their effectiveness and compliance with internal standards?'),
(365,227,'<p>Choose your level</p>'),
(366,228,'<p>Level Advanced</p>'),
(367,228,'<p>Level Inter</p>'),
(495,229,'<p>What level do you want</p>'),
(496,228,'<p>Level Basic</p>'),
(497,228,'<p>Level No</p>'),
(499,1007,'First question'),
(500,1008,'Level'),
(501,1009,'I even have a question'),
(632,1010,'Test: O hardware da organização está inventariado?'),
(633,1010,'Test: As aplicações e serviços de software estão inventariados?'),
(634,1010,'O hardware da organização (computadores, servidores, impressoras, ar condicionados e outros) está inventariado?'),
(635,1010,'As aplicações e serviços de software estão inventariados?'),
(636,1010,'As redes e fluxos de dados estão mapeados?'),
(637,1010,'Os sistemas de informação e redes externas estão identificados?'),
(638,1010,'Os ativos necessários para prestar bens e serviços estão classificados?'),
(639,1010,'O papel da organização, na cadeia logística, é identificado e comunicado?'),
(640,1010,'O posicionamento da organização no seu setor de atividade está identificado e comunicado?'),
(641,1010,'A missão, visão, valores, estratégias e objetivos da organização estão definidas e comunicadas?'),
(642,1010,'Os ativos críticos são identificados e registados?'),
(643,1010,'Existem requisitos de resiliência para suportar a prestação de serviços críticos?'),
(644,1010,'A Política de Segurança da Informação está definida e comunicada?'),
(645,1010,'São cumpridos os requisitos legais e regulamentares para a Cibersegurança?'),
(646,1010,'As vulnerabilidades dos ativos são identificadas e documentadas?'),
(647,1010,'A organização partilha informações sobre ameaças de cibersegurança com grupos de interesse da especialidade?'),
(648,1010,'As ameaças internas e externas são identificadas na metodologia de gestão do risco?'),
(649,1010,'A gestão do risco é efetuada com base na análise de ameaças, vulnerabilidades, probabilidades e impactos?'),
(650,1010,'As respostas aos riscos são identificadas e priorizadas pela organização?'),
(651,1010,'Está definido um processo de gestão do risco na organização?'),
(652,1010,'A tolerância ao risco da organização está determinada e identificada?'),
(653,1010,'A organização tem definida a sua estratégia de tratamento do risco?'),
(654,1010,'Os processos de gestão do risco da cadeia logística estão definidos e são avaliados e geridos pela organização?'),
(655,1010,'O risco da cadeia logística de cibersegurança é avaliado pela organização?'),
(656,1010,'Os contratos com fornecedores respeitam o plano de gestão de risco para a cadeia logística?'),
(657,1010,'Os fornecedores são avaliados periodicamente?'),
(658,1010,'O plano de resposta e recuperação de desastre é exercitado e acompanhado pelos fornecedores?'),
(696,1011,'O ciclo de vida de gestão de identidades está definido?'),
(697,1011,'Existem controlos de acesso físico às redes e sistemas de informação?'),
(698,1011,'Os acessos remotos são geridos pela organização?'),
(699,1011,'A organização aplica os princípios de menor privilégio e segregação de funções na gestão de acessos?'),
(700,1011,'A organização protege a integridade das redes de comunicações?'),
(701,1011,'A organização verifica a identidade dos colaboradores e vincula-as às respetivas credenciais?'),
(702,1011,'São definidos mecanismos de autenticação para utilizadores, dispositivos e outros ativos de sistemas de informação?'),
(703,1011,'Os colaboradores têm formação em segurança da informação?'),
(704,1011,'Os utilizadores com acesso privilegiado compreendem os seus papéis e responsabilidades?'),
(705,1011,'As partes interessadas externas compreendem os seus papéis e responsabilidades?'),
(706,1011,'A gestão de topo compreende as suas funções e responsabilidades?'),
(707,1011,'A organização protege os dados armazenados?'),
(708,1011,'A organização protege os dados em circulação?'),
(709,1011,'A organização gere formalmente os ativos durante remoção, transferência e aprovisionamento?'),
(710,1011,'A organização tem a capacidade adequada para garantir a disponibilidade das redes e dos sistemas de informação?'),
(711,1011,'A organização implementa proteções para evitar a exfiltração de informação?'),
(712,1011,'A organização utiliza mecanismos de verificação para confirmar a integridade de software, firmware e dados?'),
(713,1011,'Os ambientes de desenvolvimento e de teste são separados dos ambientes de produção?'),
(714,1011,'A organização implementa mecanismos de validação e verificação de integridade do hardware?'),
(715,1011,'Existe uma configuração base de redes e sistemas que incorpora os princípios de segurança?'),
(716,1011,'A organização implementa um ciclo de vida de desenvolvimento seguro de software?'),
(717,1011,'A organização implementa um processo de gestão de alterações?'),
(718,1011,'A organização realiza, mantém e testa cópias de segurança dos dados?'),
(719,1011,'A organização segue as políticas e regulamentações de ambientes físicos?'),
(720,1011,'Existe uma política que contempla a destruição de dados?'),
(721,1011,'Os processos de proteção são efetuados e melhorados?'),
(722,1011,'Os planos de resposta a incidentes, continuidade de negócio, recuperação de incidentes e de desastres são atualizados?'),
(723,1011,'Os planos de resposta e recuperação são testados e exercitados?'),
(724,1011,'A Cibersegurança é contemplada nos processos de gestão de recursos humanos?'),
(725,1011,'Está definido e implementado um processo de gestão de vulnerabilidades?'),
(726,1011,'As atividades de manutenção e reparação dos ativos são realizadas e registradas em programas ou planos aprovados?'),
(727,1011,'As operações de manutenção remota das redes são revistas, aprovadas, executadas e registradas?'),
(728,1011,'Os registos de auditoria e histórico são documentados e revistos conforme as políticas da organização?'),
(729,1011,'Os suportes de dados amovíveis são protegidos e de utilização restrita, conforme a política definida?'),
(730,1011,'O princípio da minimização de funcionalidades é incorporado na configuração de sistemas?'),
(731,1011,'As redes de comunicações e de controlo são protegidas? (NOTA – a questão 5 engloba esta questão)'),
(732,1011,'São implementados mecanismos para cumprir os requisitos de resiliência em situações adversas?'),
(733,1012,'A organização gere um modelo de referência de operações de rede e fluxos de dados esperados para utilizadores e sistemas?'),
(734,1012,'Os eventos detetados são analisados de forma a identificar os alvos e métodos de ataque?'),
(735,1012,'Os eventos são coletados e correlacionados a partir de várias fontes e sensores?'),
(736,1012,'O impacto dos eventos é classificado?'),
(737,1012,'Estão definidos os limites de alerta para incidentes?'),
(738,1012,'As redes e sistemas de informação são monitorizados?'),
(739,1012,'O ambiente físico é monitorizado?'),
(740,1012,'A atividade dos colaboradores é monitorizada?'),
(741,1012,'A organização tem mecanismos de deteção de código malicioso?'),
(742,1012,'É detetado o uso de aplicações não autorizadas em dispositivos móveis?'),
(743,1012,'As atividades dos prestadores de serviços externos são monitorizadas?'),
(744,1012,'É efetuada a monitorização de acessos não autorizados de colaboradores, conexões, dispositivos e software?'),
(745,1012,'São efetuados rastreamentos de vulnerabilidades?'),
(746,1012,'São definidos os papéis e responsabilidades na deteção de eventos anómalos?'),
(747,1012,'As atividades de deteção cumprem quais destes requisitos?'),
(748,1012,'Os processos de deteção são testados?'),
(749,1012,'As informações sobre deteções de eventos são comunicadas?'),
(750,1012,'Os processos de deteção são objeto de melhoria contínua?'),
(751,1013,'O plano de resposta é executado em função da análise realizada no momento de ocorrência de um incidente?'),
(752,1013,'Na resposta a um incidente, os colaboradores conhecem os seus papéis e a ordem de execução de atividades?'),
(753,1013,'Os incidentes são reportados de acordo com os critérios estabelecidos?'),
(754,1013,'As informações são partilhadas de acordo com o plano de resposta?'),
(755,1013,'A coordenação com as partes interessadas ocorre conforme os planos de resposta?'),
(756,1013,'Ocorre partilha voluntária de informação com partes interessadas externas?'),
(757,1013,'As notificações dos sistemas de deteção são investigadas?'),
(758,1013,'O impacto dos incidentes é avaliado?'),
(759,1013,'São realizadas análises forenses?'),
(760,1013,'Os incidentes são categorizados de acordo com o plano de resposta?'),
(761,1013,'A organização tem processos definidos para receber, analisar e responder a vulnerabilidades provenientes de fontes internas e externas?'),
(762,1013,'Os incidentes são contidos?'),
(763,1013,'Os incidentes são mitigados?'),
(764,1013,'As novas vulnerabilidades identificadas são mitigadas ou documentadas como riscos aceites?'),
(765,1013,'O plano de resposta a incidentes incorpora as lições aprendidas?'),
(766,1013,'As estratégias de resposta a incidentes são atualizadas?'),
(767,1014,'A organização segue um plano de recuperação durante ou após um incidente?'),
(768,1014,'Os planos de recuperação incorporam as lições aprendidas?'),
(769,1014,'As estratégias de recuperação são continuamente revistas e atualizadas?'),
(770,1014,'A organização implementa um plano de comunicação?'),
(771,1014,'As atividades de recuperação são comunicadas às partes interessadas, incluindo as equipas executivas e de gestão?');
/*!40000 ALTER TABLE `questions` ENABLE KEYS */;
UNLOCK TABLES;

--
-- Table structure for table `recommendations`
--

DROP TABLE IF EXISTS `recommendations`;
/*!40101 SET @saved_cs_client     = @@character_set_client */;
/*!40101 SET character_set_client = utf8 */;
CREATE TABLE `recommendations` (
  `id` int(11) NOT NULL AUTO_INCREMENT,
  `question_id` int(11) NOT NULL,
  `basic` text DEFAULT NULL,
  `intermediate` text DEFAULT NULL,
  `advanced` text DEFAULT NULL,
  PRIMARY KEY (`id`),
  KEY `question_id` (`question_id`),
  CONSTRAINT `recommendations_ibfk_1` FOREIGN KEY (`question_id`) REFERENCES `questions` (`id`) ON DELETE CASCADE
) ENGINE=InnoDB AUTO_INCREMENT=268 DEFAULT CHARSET=utf8mb4 COLLATE=utf8mb4_general_ci;
/*!40101 SET character_set_client = @saved_cs_client */;

--
-- Dumping data for table `recommendations`
--

LOCK TABLES `recommendations` WRITE;
/*!40000 ALTER TABLE `recommendations` DISABLE KEYS */;
INSERT INTO `recommendations` VALUES
(26,366,'Basic Reco','Inter Reco','Advanced Reco'),
(27,367,'Basic Reco','Inter Reco','Advanced Reco'),
(28,496,'Basic Reco','Inter Reco','Advanced Reco'),
(29,497,'Basic Reco','Inter Reco','Advanced Reco'),
(31,10,'Reco test',NULL,NULL),
(32,47,'Establish and document formal risk analysis policies to provide a clear foundation for systematically identifying and managing cybersecurity risks.',NULL,NULL),
(33,52,'Develop and formalize documented policies for cybersecurity risk analysis. Clear, management-approved documentation provides a solid foundation for systematic risk identification and measurement.',NULL,NULL),
(34,54,'It is recommended to establish a comprehensive business continuity and disaster recovery plan that addresses cyber incidents. Regular testing of backup and restoration procedures is critical to ensure that systems and data can be quickly restored following an incident.',NULL,NULL),
(35,56,'Implement a structured review process to ensure that cybersecurity policies remain current and effectively address new threats as they emerge.',NULL,NULL),
(36,57,'Implement a regular review and update process for cybersecurity policies to ensure they remain current and are promptly adjusted in response to emerging threats.',NULL,NULL),
(37,58,'A consistent testing schedule for backup and recovery procedures should be implemented. Regular tests are essential to verify that systems and data can be promptly restored after an incident, ensuring minimal disruption and rapid recovery.',NULL,NULL),
(38,59,'Establish a formal procedure for routinely assessing the cybersecurity posture of key suppliers and service providers to proactively identify and mitigate vulnerabilities.','',''),
(39,60,'Ensure that comprehensive cybersecurity requirements are integrated into all supplier contracts to guarantee that third parties adhere to necessary security standards.','',''),
(40,61,'Implement a consistent review process for supply chain risk assessments to promptly address changes in the threat landscape and vendor performance.','',''),
(41,62,'Comprehensive secure development and maintenance practices should be integrated into the system lifecycle. This includes implementing an SDLC, ensuring timely patch updates, and establishing a formal vulnerability management process to promptly address potential security issues.','',''),
(42,63,'Establish a systematic process for evaluating security measures that includes audits, defined metrics, and regular tests. This approach helps ensure that cybersecurity controls remain robust and responsive to emerging threats.',NULL,NULL),
(43,64,'Incorporate external audits or third-party assessments into the evaluation process to gain objective insights into security effectiveness and identify areas for improvement.',NULL,NULL),
(44,65,'Ensure the implementation of structured cyber hygiene practices by consistently providing regular training, enforcing strict password policies, and deploying effective endpoint protection measures to safeguard against common cyber risks.',NULL,NULL),
(45,66,'Maintain a consistent schedule for cybersecurity training for all employees to continuously enhance awareness, update knowledge on emerging threats, and ensure that security best practices are effectively communicated throughout the organization.',NULL,NULL),
(46,67,'Encryption should be applied uniformly to all sensitive data, both during transmission and while stored, to ensure robust protection against unauthorized access and data breaches.',NULL,NULL),
(47,68,'Secure all internal communications and remote access channels with robust encryption methods to protect sensitive information from interception and unauthorized access.',NULL,NULL),
(48,70,'Establish a clear and consistent process for onboarding and offboarding that ensures access rights are properly granted and revoked. This is crucial for maintaining secure user account management.',NULL,NULL),
(49,71,'Ensure that robust access control policies are in place and that an up-to-date inventory of all assets and user accounts is maintained. This helps limit access to only those who need it and reduces potential vulnerabilities.',NULL,NULL),
(50,72,'Implement MFA across all critical systems and sensitive data access points. This additional layer of security significantly reduces the risk of unauthorized access and enhances overall system security.',NULL,NULL),
(51,73,'Conduct formal risk assessments on a regular basis, ideally annually or following significant operational changes, to proactively identify and mitigate cybersecurity risks.',NULL,NULL),
(52,74,'Ensure that structured and comprehensive training programs are in place for all relevant stakeholders to enhance understanding and effective implementation of cybersecurity policies.',NULL,NULL),
(53,75,'Implement a consistent review cycle for security metrics and controls, such as quarterly or semi-annually, to ensure that cybersecurity measures are continually optimized in response to new threats.',NULL,NULL),
(54,76,'Keep a thorough, documented log of all security assessments, test outcomes, and corrective actions. This documentation is critical for tracking improvements over time and ensuring accountability in the risk management process.',NULL,NULL),
(55,77,'Provide cybersecurity awareness training on a regular basis (e.g., annually or more frequently) to ensure that all employees remain updated on emerging threats and best practices.',NULL,NULL),
(56,78,'Implement a formal evaluation process to measure the effectiveness of cybersecurity training programs. This process should include assessments and feedback mechanisms to continuously refine and improve training content.',NULL,NULL),
(57,80,'User access rights and privileges should be reviewed on a frequent schedule, such as quarterly or semi-annually, to ensure adherence to the principle of least privilege and to minimize potential security risks.',NULL,NULL),
(58,81,'Periodic background checks and specialized security training for employees in sensitive or privileged roles are essential to mitigate insider risks and ensure that those with elevated access are well-prepared to manage security responsibilities.',NULL,NULL),
(59,82,'Adopt a consistent schedule for conducting formal cybersecurity risk assessments—ideally on an annual basis or following significant operational changes—to maintain a proactive risk management posture.',NULL,NULL),
(60,83,'Ensure that all relevant stakeholders, including IT personnel, management, and end-users, receive structured and ongoing training on cybersecurity risk policies. Formalized communication and training are vital for fostering a culture of security awareness and ensuring effective policy implementation.',NULL,NULL),
(61,84,'It is recommended to test business continuity and disaster recovery plans on a regular schedule, such as annually or semi-annually. Regular tests ensure that procedures are effective, gaps are identified, and timely corrective actions can be taken.',NULL,NULL),
(62,85,'A dedicated crisis management team with clearly defined roles and responsibilities should be established. This ensures a coordinated and efficient response during cybersecurity incidents, thereby minimizing disruptions and enhancing overall operational resilience.',NULL,NULL),
(63,86,'Incorporating structured security testing during development helps identify and remediate vulnerabilities early. It is essential to integrate regular code reviews, penetration tests, and static analysis into the development process to ensure that the system is secure before deployment.','',''),
(64,300,'Formalizing your consent process is essential to ensure that all data subjects provide explicit, informed agreement for the collection of their personal data. A well-documented process will not only strengthen your legal compliance but also enhance trust among stakeholders by clearly communicating data usage purposes.',NULL,NULL),
(65,301,'Ensure that all communications regarding data collection are thorough and unambiguous. Providing clear, comprehensive information at the time of data collection helps uphold transparency, making it easier for data subjects to understand the purpose and scope of data usage.',NULL,NULL),
(66,302,'Secure record-keeping is vital for demonstrating compliance. Ensure that all consent records are stored safely and maintained over time so that they can be readily produced during audits or compliance reviews, thereby reinforcing your adherence to GDPR standards.',NULL,NULL),
(67,303,'Implement strong security controls, including state-of-the-art encryption and rigorous access management protocols, to ensure the integrity and confidentiality of personal data during processing. This proactive approach minimizes risks and underpins your overall data security strategy.',NULL,NULL),
(68,304,'Regularly reviewing and updating your access controls and authentication mechanisms is crucial for preventing unauthorized access. This ongoing vigilance not only mitigates potential risks but also supports a robust security framework in compliance with GDPR.',NULL,NULL),
(69,305,'Ensure that all data processing activities are conducted strictly in accordance with documented, lawful purposes. Adherence to established procedures is key to maintaining data protection standards and minimizing the risk of non-compliance under GDPR.',NULL,NULL),
(70,306,'Establish and clearly document procedures that enable data subjects to access, rectify, or erase their personal data upon request. A well-structured process empowers data subjects and reinforces your commitment to GDPR compliance.',NULL,NULL),
(71,307,'Ensure that your systems support data portability and that robust mechanisms are in place to accommodate objections to data processing. This comprehensive approach reinforces the rights of data subjects and aligns with GDPR mandates.',NULL,NULL),
(72,308,'Providing timely and detailed information about data processing activities is essential for maintaining transparency and accountability. This practice not only meets regulatory requirements but also builds confidence among data subjects.',NULL,NULL),
(73,309,'Develop a comprehensive incident response plan that includes protocols for prompt notification of supervisory authorities within 72 hours of a data breach. This ensures swift action, minimizes potential harm, and upholds regulatory standards.',NULL,NULL),
(74,310,'Breach notifications should be clear, concise, and delivered without delay. Ensure that all affected data subjects are informed promptly in a manner that is both legally compliant and transparent, thereby maintaining trust and accountability.',NULL,NULL),
(75,311,'Conduct regular training sessions and simulation exercises to ensure that your team is well-prepared to manage data breaches. Ongoing education and drills are critical for minimizing damage and refining your response strategy.',NULL,NULL),
(76,322,'Regular reviews help ensure that the consent mechanism remains compliant with evolving regulations.',NULL,NULL),
(77,323,'Regular testing is essential for identifying vulnerabilities and strengthening security controls.',NULL,NULL),
(78,324,'Timely resolution of data subject requests is critical for compliance and for maintaining trust with data subjects.',NULL,NULL),
(79,325,'A dedicated breach response team ensures that lessons learned are integrated into improved incident response procedures.',NULL,NULL),
(80,327,'A documented policy helps ensure compliance with data minimization principles.',NULL,NULL),
(81,328,'Regular reviews help maintain data minimization and reduce risks.',NULL,NULL),
(82,329,'Contracts with third parties should specify clear data protection responsibilities.',NULL,NULL),
(83,330,'Ensure that international transfers are governed by appropriate safeguards.',NULL,NULL),
(84,345,'Implementing an automated detection system minimizes delays and ensures prompt incident response.',NULL,NULL),
(85,346,'Rapid verification ensures that alerts are accurate and actionable.',NULL,NULL),
(86,347,'A predefined protocol ensures consistent and timely incident notifications.',NULL,NULL),
(87,348,'Integration of automated alert systems can accelerate response times and ensure seamless coordination among teams.',NULL,NULL),
(88,349,'Timely internal notifications help mobilize the response team quickly.',NULL,NULL),
(89,350,'Defining an escalation path ensures that critical incidents receive appropriate attention.',NULL,NULL),
(90,351,'Clear role definitions improve coordination and reduce response time.',NULL,NULL),
(91,352,'A centralized portal enhances internal communication by consolidating all incident-related information, facilitating quick decision-making.',NULL,NULL),
(92,353,'Timely external notifications are essential for legal compliance and maintaining trust.',NULL,NULL),
(93,354,'Reviewing notifications ensures clear and compliant communications.',NULL,NULL),
(94,355,'A specialized team ensures that external communications are handled effectively and consistently.',NULL,NULL),
(95,356,'Utilizing pre-approved templates ensures clear, consistent, and compliant external notifications.',NULL,NULL),
(96,357,'Regular reviews help identify gaps and improve incident response procedures.',NULL,NULL),
(97,358,'Incorporating lessons learned is key to continuous improvement.',NULL,NULL),
(98,359,'Collecting stakeholder feedback helps refine processes and build trust for future incidents.',NULL,NULL),
(99,360,'Prompt review meetings are essential to capture critical insights for improving future incident responses.',NULL,NULL),
(100,361,'A formal post-incident analysis process enables your organization to learn from each incident, address underlying issues, and enhance response strategies.',NULL,NULL),
(101,362,'Documenting and reviewing lessons learned is critical for continuous improvement. It allows your organization to analyze incidents, identify root causes, and adjust response strategies accordingly.',NULL,NULL),
(102,363,'A formal follow-up mechanism is essential to ensure that identified corrective actions are executed promptly, reducing the risk of recurrence.',NULL,NULL),
(103,364,'Regular audits of recovery processes are essential to verify that corrective actions are effective and that recovery procedures remain robust.',NULL,NULL),
(160,499,'This shows if you selected \"Incorrect\"','',''),
(161,365,'','',''),
(162,495,'','',''),
(163,500,'','',''),
(164,501,'','',''),
(165,632,'','',''),
(166,633,'','',''),
(167,634,'','',''),
(168,635,'','',''),
(169,636,'','',''),
(170,637,'','',''),
(171,638,'','',''),
(172,639,'','',''),
(173,640,'','',''),
(174,641,'','',''),
(175,642,'','',''),
(176,643,'','',''),
(177,644,'','',''),
(178,645,'','',''),
(179,646,'','',''),
(180,647,'','',''),
(181,648,'','',''),
(182,649,'','',''),
(183,650,'','',''),
(184,651,'','',''),
(185,652,'','',''),
(186,653,'','',''),
(187,654,'','',''),
(188,655,'','',''),
(189,656,'','',''),
(190,657,'','',''),
(191,658,'','',''),
(192,696,'','',''),
(193,697,'','',''),
(194,698,'','',''),
(195,699,'','',''),
(196,700,'','',''),
(197,701,'','',''),
(198,702,'','',''),
(199,703,'','',''),
(200,704,'','',''),
(201,705,'','',''),
(202,706,'','',''),
(203,707,'','',''),
(204,708,'','',''),
(205,709,'','',''),
(206,710,'','',''),
(207,711,'','',''),
(208,712,'','',''),
(209,713,'','',''),
(210,714,'','',''),
(211,715,'','',''),
(212,716,'','',''),
(213,717,'','',''),
(214,718,'','',''),
(215,719,'','',''),
(216,720,'','',''),
(217,721,'','',''),
(218,722,'','',''),
(219,723,'','',''),
(220,724,'','',''),
(221,725,'','',''),
(222,726,'','',''),
(223,727,'','',''),
(224,728,'','',''),
(225,729,'','',''),
(226,730,'','',''),
(227,731,'','',''),
(228,732,'','',''),
(229,733,'','',''),
(230,734,'','',''),
(231,735,'','',''),
(232,736,'','',''),
(233,737,'','',''),
(234,738,'','',''),
(235,739,'','',''),
(236,740,'','',''),
(237,741,'','',''),
(238,742,'','',''),
(239,743,'','',''),
(240,744,'','',''),
(241,745,'','',''),
(242,746,'','',''),
(243,747,'','',''),
(244,748,'','',''),
(245,749,'','',''),
(246,750,'','',''),
(247,751,'','',''),
(248,752,'','',''),
(249,753,'','',''),
(250,754,'','',''),
(251,755,'','',''),
(252,756,'','',''),
(253,757,'','',''),
(254,758,'','',''),
(255,759,'','',''),
(256,760,'','',''),
(257,761,'','',''),
(258,762,'','',''),
(259,763,'','',''),
(260,764,'','',''),
(261,765,'','',''),
(262,766,'','',''),
(263,767,'','',''),
(264,768,'','',''),
(265,769,'','',''),
(266,770,'','',''),
(267,771,'','','');
/*!40000 ALTER TABLE `recommendations` ENABLE KEYS */;
UNLOCK TABLES;

--
-- Table structure for table `responses`
--

DROP TABLE IF EXISTS `responses`;
/*!40101 SET @saved_cs_client     = @@character_set_client */;
/*!40101 SET character_set_client = utf8 */;
CREATE TABLE `responses` (
  `id` int(11) NOT NULL AUTO_INCREMENT,
  `user_id` int(11) NOT NULL,
  `question_id` int(11) NOT NULL,
  `answer` text NOT NULL,
  PRIMARY KEY (`id`),
  KEY `question_id` (`question_id`),
  KEY `responses_ibfk_1` (`user_id`),
  CONSTRAINT `responses_ibfk_1` FOREIGN KEY (`user_id`) REFERENCES `users` (`id`) ON DELETE CASCADE,
  CONSTRAINT `responses_ibfk_2` FOREIGN KEY (`question_id`) REFERENCES `questions` (`id`)
) ENGINE=InnoDB AUTO_INCREMENT=81 DEFAULT CHARSET=utf8mb4 COLLATE=utf8mb4_general_ci;
/*!40101 SET character_set_client = @saved_cs_client */;

--
-- Dumping data for table `responses`
--

LOCK TABLES `responses` WRITE;
/*!40000 ALTER TABLE `responses` DISABLE KEYS */;
INSERT INTO `responses` VALUES
(25,20,47,'Partially – we have some informal or ad-hoc risk assessment processes.'),
(26,21,47,'I do'),
(29,20,52,'Yes – we have a comprehensive, documented plan that is regularly communicated and updated.'),
(31,20,56,'Yes – we have a scheduled review process for our cybersecurity policies.'),
(32,20,57,'Use of intrusion detection/prevention systems (IDS/IPS) or network monitoring tools.'),
(33,20,54,'Yes – we have a comprehensive, documented plan covering continuity, disaster recovery, and crisis management.'),
(34,20,58,'Yes – we conduct regular tests of our backup and recovery processes.'),
(35,20,70,'No – there is no standard process for managing user accounts during onboarding or offboarding.'),
(36,20,59,'Yes – we conduct regular security assessments or audits of our critical vendors.'),
(37,20,60,'Yes – all key supplier contracts include clear cybersecurity clauses and requirements.'),
(38,20,61,'Yes – we regularly update our risk assessments for the supply chain, incorporating new threats and vendor performance reviews.'),
(39,20,62,'Following a Secure Development Life Cycle (SDLC) – incorporating security in system design from the start.'),
(40,20,63,'We conduct periodic reviews or audits of our security policies, procedures, and controls.'),
(41,20,73,'At least once a year or whenever significant changes occur.'),
(42,20,74,'No – there is little to no formal communication or training on these policies.'),
(43,20,300,'We have an informal process in place.'),
(44,20,301,'Yes, clear information is provided at the point of data collection.'),
(45,20,302,'No, consent is not properly recorded.'),
(46,20,306,'Yes, comprehensive procedures exist for data access, rectification, and erasure.'),
(47,20,307,'Mechanisms are in place but are limited in scope.'),
(48,20,308,'No, there is no defined process for providing such information.'),
(49,20,309,'Yes, we have a comprehensive incident response and breach notification plan.'),
(50,20,310,'Yes, breach notifications are clear and sent in a timely manner.'),
(51,20,311,'Training is provided, but not on a regular basis.'),
(52,20,345,'Yes, an automated system is in place'),
(53,20,346,'No, verification is delayed or absent'),
(54,20,347,'No, there is no predefined protocol'),
(55,20,348,'Yes, fully integrated'),
(56,20,349,'Yes, notifications are immediate'),
(57,20,350,'Yes, a clear escalation path exists'),
(58,20,351,'Yes, roles are clearly defined'),
(59,20,352,'No, there is no dedicated portal'),
(60,20,353,'No, external notifications are not reliably made'),
(61,20,354,'No, notifications are not reviewed'),
(62,20,355,'No, external notifications are handled ad hoc'),
(63,20,356,'Yes, templates are in place'),
(64,20,357,'Yes, formal reviews are conducted'),
(65,20,358,'Some lessons are applied'),
(66,20,359,'Yes, feedback is actively collected and acted upon'),
(67,20,360,'No, meetings are not regularly scheduled'),
(68,20,361,'Yes, a formal process exists'),
(69,20,362,'Yes, lessons are systematically documented and reviewed'),
(70,20,363,'No, there is no follow-up mechanism'),
(71,20,364,'Yes, regular audits are conducted'),
(72,20,365,'Intermediate'),
(73,20,366,'Advanced'),
(74,20,367,'Inter'),
(75,20,496,'Inter'),
(76,20,497,'Inter'),
(77,20,495,'Intermediate Level'),
(78,20,499,'Incorrect'),
(79,20,500,'Advanced'),
(80,20,501,'Add me correctly please');
/*!40000 ALTER TABLE `responses` ENABLE KEYS */;
UNLOCK TABLES;

--
-- Table structure for table `surveys`
--

DROP TABLE IF EXISTS `surveys`;
/*!40101 SET @saved_cs_client     = @@character_set_client */;
/*!40101 SET character_set_client = utf8 */;
CREATE TABLE `surveys` (
  `id` int(11) NOT NULL AUTO_INCREMENT,
  `title` varchar(255) NOT NULL,
  `description` text DEFAULT NULL,
  `user_id` int(11) DEFAULT NULL,
  `created_at` timestamp NOT NULL DEFAULT current_timestamp(),
  `state` tinyint(4) NOT NULL DEFAULT 0,
  `leveled` tinyint(4) NOT NULL DEFAULT 0,
  `language` varchar(255) DEFAULT NULL,
  PRIMARY KEY (`id`),
  KEY `user_id` (`user_id`),
  CONSTRAINT `surveys_ibfk_1` FOREIGN KEY (`user_id`) REFERENCES `users` (`id`) ON DELETE SET NULL
) ENGINE=InnoDB AUTO_INCREMENT=117 DEFAULT CHARSET=utf8mb4 COLLATE=utf8mb4_general_ci;
/*!40101 SET character_set_client = @saved_cs_client */;

--
-- Dumping data for table `surveys`
--

LOCK TABLES `surveys` WRITE;
/*!40000 ALTER TABLE `surveys` DISABLE KEYS */;
INSERT INTO `surveys` VALUES
(14,'NIS2 Risk Management','A survey assessing your compliance with the European Union Directive 2022/2555 (NIS2) (Portugal Transposition)',NULL,'2025-02-24 18:21:06',1,0,NULL),
(100,'GDPR','A comprehensive survey designed to assess your organization’s adherence to GDPR standards, evaluating policies and procedures.',NULL,'2025-03-19 22:29:58',1,0,NULL),
(111,'NIS2 Incident Notification','This survey assesses your organization’s compliance with the NIS2 Directive’s incident notification',NULL,'2025-03-20 14:11:38',1,0,NULL),
(112,'Dummy Leveled','A demonstration survey.',NULL,'2025-03-20 16:32:36',1,1,NULL),
(113,'QNRCS','Quadro Nacional de Referência para a Cibersegurança',20,'2025-03-24 14:18:27',1,1,'pt'),
(115,'Dummy Unleveled','Unleveled survey for testing',20,'2025-03-25 19:31:27',1,0,NULL),
(116,'Sample Survey','Im a sample survey!',20,'2025-03-25 20:44:31',1,1,NULL);
/*!40000 ALTER TABLE `surveys` ENABLE KEYS */;
UNLOCK TABLES;

--
-- Table structure for table `users`
--

DROP TABLE IF EXISTS `users`;
/*!40101 SET @saved_cs_client     = @@character_set_client */;
/*!40101 SET character_set_client = utf8 */;
CREATE TABLE `users` (
  `id` int(11) NOT NULL AUTO_INCREMENT,
  `entity` varchar(255) DEFAULT NULL,
  `name` varchar(255) DEFAULT NULL,
  `surname` varchar(255) DEFAULT NULL,
  `email` varchar(255) DEFAULT NULL,
  `password` varchar(255) DEFAULT NULL,
  `country` varchar(100) DEFAULT NULL,
  `role` enum('user','admin') NOT NULL DEFAULT 'user',
  `created_at` timestamp NOT NULL DEFAULT current_timestamp(),
  PRIMARY KEY (`id`),
  UNIQUE KEY `email` (`email`)
) ENGINE=InnoDB AUTO_INCREMENT=22 DEFAULT CHARSET=utf8mb4 COLLATE=utf8mb4_general_ci;
/*!40101 SET character_set_client = @saved_cs_client */;

--
-- Dumping data for table `users`
--

LOCK TABLES `users` WRITE;
/*!40000 ALTER TABLE `users` DISABLE KEYS */;
INSERT INTO `users` VALUES
(20,'UBI','Diogo','Silva','dimatos.silva@gmail.com','$2y$10$gemJlDmS9GGYJo8OsXTp8.P/60U5Za2eld1rp.SRV99hNXso3W5sy','Portugal','admin','2025-03-17 12:29:33'),
(21,NULL,NULL,NULL,'joao.novais@ubi.pt','$2y$10$iyp9vVfMmNEl1Mr0E2Ovoexp3xZ9/sWBlov38ZtzcJos57ZmXjbwq',NULL,'user','2025-03-17 12:42:35');
/*!40000 ALTER TABLE `users` ENABLE KEYS */;
UNLOCK TABLES;
/*!40103 SET TIME_ZONE=@OLD_TIME_ZONE */;

/*!40101 SET SQL_MODE=@OLD_SQL_MODE */;
/*!40014 SET FOREIGN_KEY_CHECKS=@OLD_FOREIGN_KEY_CHECKS */;
/*!40014 SET UNIQUE_CHECKS=@OLD_UNIQUE_CHECKS */;
/*!40101 SET CHARACTER_SET_CLIENT=@OLD_CHARACTER_SET_CLIENT */;
/*!40101 SET CHARACTER_SET_RESULTS=@OLD_CHARACTER_SET_RESULTS */;
/*!40101 SET COLLATION_CONNECTION=@OLD_COLLATION_CONNECTION */;
/*!40111 SET SQL_NOTES=@OLD_SQL_NOTES */;

-- Dump completed on 2025-03-28 13:30:18
